country,date,total_cases,total_deaths,death_percentage
China,2020-01-01,NULL,NULL,NULL
China,2020-01-02,NULL,NULL,NULL
China,2020-01-03,NULL,NULL,NULL
China,2020-01-04,1,0,0.000
China,2020-01-05,1,0,0.000
China,2020-01-06,4,0,0.000
China,2020-01-07,4,0,0.000
China,2020-01-08,4,0,0.000
China,2020-01-09,4,0,0.000
China,2020-01-10,4,0,0.000
China,2020-01-11,4,0,0.000
China,2020-01-12,45,1,2.222
China,2020-01-13,45,1,2.222
China,2020-01-14,45,1,2.222
China,2020-01-15,45,1,2.222
China,2020-01-16,45,1,2.222
China,2020-01-17,49,2,4.082
China,2020-01-18,49,2,4.082
China,2020-01-19,125,3,2.400
China,2020-01-20,202,4,1.980
China,2020-01-21,295,6,2.034
China,2020-01-22,442,17,3.846
China,2020-01-23,574,18,3.136
China,2020-01-24,835,26,3.114
China,2020-01-25,1297,42,3.238
China,2020-01-26,1985,56,2.821
China,2020-01-27,2761,82,2.970
China,2020-01-28,4533,131,2.890
China,2020-01-29,5997,133,2.218
China,2020-01-30,7736,171,2.210
China,2020-01-31,9720,213,2.191
China,2020-02-01,11821,259,2.191
China,2020-02-02,14411,361,2.505
China,2020-02-03,17238,425,2.465
China,2020-02-04,20471,491,2.399
China,2020-02-05,24363,563,2.311
China,2020-02-06,28060,633,2.256
China,2020-02-07,31211,718,2.300
China,2020-02-08,34598,805,2.327
China,2020-02-09,37251,905,2.429
China,2020-02-10,40235,1012,2.515
China,2020-02-11,42708,1112,2.604
China,2020-02-12,44730,1117,2.497
China,2020-02-13,59882,1369,2.286
China,2020-02-14,63932,1521,2.379
China,2020-02-15,66576,1663,2.498
China,2020-02-16,68584,1767,2.576
China,2020-02-17,70635,1865,2.640
China,2020-02-18,72528,2004,2.763
China,2020-02-19,74278,2117,2.850
China,2020-02-20,74675,2239,2.998
China,2020-02-21,75568,2239,2.963
China,2020-02-22,76393,2444,3.199
China,2020-02-23,77042,2446,3.175
China,2020-02-24,77262,2596,3.360
China,2020-02-25,77779,2666,3.428
China,2020-02-26,78190,2718,3.476
China,2020-02-27,78630,2747,3.494
China,2020-02-28,78959,2791,3.535
China,2020-02-29,79389,2838,3.575
China,2020-03-01,79968,2873,3.593
China,2020-03-02,80174,2915,3.636
China,2020-03-03,80302,2948,3.671
China,2020-03-04,80422,2984,3.710
China,2020-03-05,80565,3016,3.744
China,2020-03-06,80710,3045,3.773
China,2020-03-07,80813,3073,3.803
China,2020-03-08,80859,3101,3.835
China,2020-03-09,80904,3124,3.861
China,2020-03-10,80924,3140,3.880
China,2020-03-11,80955,3162,3.906
China,2020-03-12,80980,3173,3.918
China,2020-03-13,80991,3181,3.928
China,2020-03-14,81021,3194,3.942
China,2020-03-15,81048,3204,3.953
China,2020-03-16,81077,3218,3.969
China,2020-03-17,81117,3231,3.983
China,2020-03-18,81151,3242,3.995
China,2020-03-19,81237,3250,4.001
China,2020-03-20,81300,3255,4.004
China,2020-03-21,81416,3261,4.005
China,2020-03-22,81498,3267,4.009
China,2020-03-23,81601,3276,4.015
China,2020-03-24,81747,3283,4.016
China,2020-03-25,81848,3287,4.016
China,2020-03-26,81961,3293,4.018
China,2020-03-27,82078,3298,4.018
China,2020-03-28,82213,3301,4.015
China,2020-03-29,82341,3306,4.015
China,2020-03-30,82447,3310,4.015
China,2020-03-31,82545,3314,4.015
China,2020-04-01,82631,3321,4.019
China,2020-04-02,82724,3327,4.022
China,2020-04-03,82802,3331,4.023
China,2020-04-04,82875,3335,4.024
China,2020-04-05,82930,3338,4.025
China,2020-04-06,83005,3340,4.024
China,2020-04-07,83072,3340,4.021
China,2020-04-08,83157,3342,4.019
China,2020-04-09,83249,3344,4.017
China,2020-04-10,83305,3345,4.015
China,2020-04-11,83369,3349,4.017
China,2020-04-12,83482,3349,4.012
China,2020-04-13,83597,3351,4.009
China,2020-04-14,83696,3351,4.004
China,2020-04-15,83745,3352,4.003
China,2020-04-16,83797,3352,4.000
China,2020-04-17,83824,3352,3.999
China,2020-04-18,84180,4642,5.514
China,2020-04-19,84201,4642,5.513
China,2020-04-20,84237,4642,5.511
China,2020-04-21,84250,4642,5.510
China,2020-04-22,84287,4642,5.507
China,2020-04-23,84302,4642,5.506
China,2020-04-24,84311,4642,5.506
China,2020-04-25,84324,4642,5.505
China,2020-04-26,84338,4642,5.504
China,2020-04-27,84341,4643,5.505
China,2020-04-28,84347,4643,5.505
China,2020-04-29,84369,4643,5.503
China,2020-04-30,84373,4643,5.503
China,2020-05-01,84385,4643,5.502
China,2020-05-02,84388,4643,5.502
China,2020-05-03,84393,4643,5.502
China,2020-05-04,84400,4643,5.501
China,2020-05-05,84404,4643,5.501
China,2020-05-06,84406,4643,5.501
China,2020-05-07,84409,4643,5.501
China,2020-05-08,84415,4643,5.500
China,2020-05-09,84416,4643,5.500
China,2020-05-10,84430,4643,5.499
China,2020-05-11,84450,4643,5.498
China,2020-05-12,84451,4644,5.499
China,2020-05-13,84458,4644,5.499
China,2020-05-14,84464,4644,5.498
China,2020-05-15,84469,4644,5.498
China,2020-05-16,84478,4644,5.497
China,2020-05-17,84484,4645,5.498
China,2020-05-18,84494,4645,5.497
China,2020-05-19,84500,4645,5.497
China,2020-05-20,84505,4645,5.497
China,2020-05-21,84507,4645,5.497
China,2020-05-22,84520,4645,5.496
China,2020-05-23,84522,4645,5.496
China,2020-05-24,84525,4645,5.495
China,2020-05-25,84536,4645,5.495
China,2020-05-26,84543,4645,5.494
China,2020-05-27,84544,4645,5.494
China,2020-05-28,84547,4645,5.494
China,2020-05-29,84547,4645,5.494
China,2020-05-30,84565,4645,5.493
China,2020-05-31,84570,4645,5.492
China,2020-06-01,84588,4645,5.491
China,2020-06-02,84597,4645,5.491
China,2020-06-03,84602,4645,5.490
China,2020-06-04,84603,4645,5.490
China,2020-06-05,84614,4645,5.490
China,2020-06-06,84620,4645,5.489
China,2020-06-07,84629,4645,5.489
China,2020-06-08,84634,4645,5.488
China,2020-06-09,84638,4645,5.488
China,2020-06-10,84641,4645,5.488
China,2020-06-11,84652,4645,5.487
China,2020-06-12,84659,4645,5.487
China,2020-06-13,84671,4645,5.486
China,2020-06-14,84729,4645,5.482
China,2020-06-15,84778,4645,5.479
China,2020-06-16,84823,4645,5.476
China,2020-06-17,84867,4645,5.473
China,2020-06-18,84903,4645,5.471
China,2020-06-19,84940,4645,5.469
China,2020-06-20,84970,4645,5.467
China,2020-06-21,84997,4646,5.466
China,2020-06-22,85018,4646,5.465
China,2020-06-23,85070,4646,5.461
China,2020-06-24,85098,4647,5.461
China,2020-06-25,85119,4647,5.459
China,2020-06-26,85148,4648,5.459
China,2020-06-27,85172,4648,5.457
China,2020-06-28,85190,4648,5.456
China,2020-06-29,85204,4648,5.455
China,2020-06-30,85227,4648,5.454
China,2020-07-01,85232,4648,5.453
China,2020-07-02,85263,4648,5.451
China,2020-07-03,85278,4648,5.450
China,2020-07-04,85287,4648,5.450
China,2020-07-05,85306,4648,5.449
China,2020-07-06,85320,4648,5.448
China,2020-07-07,85345,4648,5.446
China,2020-07-08,85366,4648,5.445
China,2020-07-09,85399,4648,5.443
China,2020-07-10,85445,4648,5.440
China,2020-07-11,85487,4648,5.437
China,2020-07-12,85522,4648,5.435
China,2020-07-13,85568,4648,5.432
China,2020-07-14,85623,4649,5.430
China,2020-07-15,85677,4649,5.426
China,2020-07-16,85697,4651,5.427
China,2020-07-17,85775,4651,5.422
China,2020-07-18,85857,4652,5.418
China,2020-07-19,85937,4653,5.414
China,2020-07-20,86068,4653,5.406
China,2020-07-21,86152,4653,5.401
China,2020-07-22,86226,4655,5.399
China,2020-07-23,86361,4655,5.390
China,2020-07-24,86500,4656,5.383
China,2020-07-25,86660,4657,5.374
China,2020-07-26,86839,4659,5.365
China,2020-07-27,87028,4659,5.353
China,2020-07-28,87245,4663,5.345
China,2020-07-29,87457,4664,5.333
China,2020-07-30,87680,4665,5.320
China,2020-07-31,87956,4666,5.305
China,2020-08-01,88122,4668,5.297
China,2020-08-02,88302,4674,5.293
China,2020-08-03,88460,4677,5.287
China,2020-08-04,88574,4678,5.281
China,2020-08-05,88682,4683,5.281
China,2020-08-06,88804,4684,5.275
China,2020-08-07,88937,4687,5.270
China,2020-08-08,89057,4688,5.264
China,2020-08-09,89149,4688,5.259
China,2020-08-10,89270,4693,5.257
China,2020-08-11,89383,4696,5.254
China,2020-08-12,89444,4699,5.254
China,2020-08-13,89526,4704,5.254
China,2020-08-14,89625,4707,5.252
China,2020-08-15,89695,4708,5.249
China,2020-08-16,89761,4710,5.247
China,2020-08-17,89859,4710,5.242
China,2020-08-18,89926,4710,5.238
China,2020-08-19,89980,4712,5.237
China,2020-08-20,90013,4713,5.236
China,2020-08-21,90053,4716,5.237
China,2020-08-22,90103,4716,5.234
China,2020-08-23,90141,4717,5.233
China,2020-08-24,90182,4718,5.232
China,2020-08-25,90205,4718,5.230
China,2020-08-26,90239,4719,5.229
China,2020-08-27,90271,4720,5.229
China,2020-08-28,90301,4722,5.229
China,2020-08-29,90323,4725,5.231
China,2020-08-30,90351,4728,5.233
China,2020-08-31,90383,4729,5.232
China,2020-09-01,90402,4730,5.232
China,2020-09-02,90422,4731,5.232
China,2020-09-03,90442,4734,5.234
China,2020-09-04,90475,4735,5.233
China,2020-09-05,90498,4735,5.232
China,2020-09-06,90517,4735,5.231
China,2020-09-07,90551,4737,5.231
China,2020-09-08,90573,4739,5.232
China,2020-09-09,90582,4740,5.233
China,2020-09-10,90595,4740,5.232
China,2020-09-11,90623,4740,5.230
China,2020-09-12,90643,4740,5.229
China,2020-09-13,90666,4741,5.229
China,2020-09-14,90695,4741,5.227
China,2020-09-15,90718,4742,5.227
China,2020-09-16,90734,4743,5.227
China,2020-09-17,90753,4743,5.226
China,2020-09-18,90797,4743,5.224
China,2020-09-19,90814,4744,5.224
China,2020-09-20,90840,4744,5.222
China,2020-09-21,90876,4744,5.220
China,2020-09-22,90890,4744,5.219
China,2020-09-23,90908,4744,5.218
China,2020-09-24,90918,4745,5.219
China,2020-09-25,90933,4745,5.218
China,2020-09-26,90951,4746,5.218
China,2020-09-27,90966,4746,5.217
China,2020-09-28,90993,4746,5.216
China,2020-09-29,91018,4746,5.214
China,2020-09-30,91041,4746,5.213
China,2020-10-01,91061,4746,5.212
China,2020-10-02,91082,4746,5.211
China,2020-10-03,91101,4746,5.210
China,2020-10-04,91121,4746,5.208
China,2020-10-05,91146,4746,5.207
China,2020-10-06,91170,4746,5.206
China,2020-10-07,91188,4746,5.205
China,2020-10-08,91212,4746,5.203
China,2020-10-09,91252,4746,5.201
China,2020-10-10,91278,4746,5.200
China,2020-10-11,91305,4746,5.198
China,2020-10-12,91333,4746,5.196
China,2020-10-13,91359,4746,5.195
China,2020-10-14,91387,4746,5.193
China,2020-10-15,91398,4746,5.193
China,2020-10-16,91435,4746,5.191
China,2020-10-17,91459,4746,5.189
China,2020-10-18,91489,4746,5.188
China,2020-10-19,91506,4746,5.187
China,2020-10-20,91545,4746,5.184
China,2020-10-21,91564,4746,5.183
China,2020-10-22,91587,4746,5.182
China,2020-10-23,91620,4746,5.180
China,2020-10-24,91652,4746,5.178
China,2020-10-25,91674,4746,5.177
China,2020-10-26,91700,4746,5.176
China,2020-10-27,91724,4746,5.174
China,2020-10-28,91771,4746,5.172
China,2020-10-29,91821,4746,5.169
China,2020-10-30,91852,4746,5.167
China,2020-10-31,91893,4746,5.165
China,2020-11-01,91921,4746,5.163
China,2020-11-02,91955,4746,5.161
China,2020-11-03,92015,4746,5.158
China,2020-11-04,92045,4746,5.156
China,2020-11-05,92077,4747,5.155
China,2020-11-06,92121,4748,5.154
China,2020-11-07,92164,4748,5.152
China,2020-11-08,92195,4748,5.150
China,2020-11-09,92242,4748,5.147
China,2020-11-10,92271,4748,5.146
China,2020-11-11,92299,4749,5.145
China,2020-11-12,92336,4749,5.143
China,2020-11-13,92372,4749,5.141
China,2020-11-14,92404,4749,5.139
China,2020-11-15,92428,4749,5.138
China,2020-11-16,92452,4749,5.137
China,2020-11-17,92476,4749,5.135
China,2020-11-18,92490,4749,5.135
China,2020-11-19,92513,4749,5.133
China,2020-11-20,92544,4749,5.132
China,2020-11-21,92588,4749,5.129
China,2020-11-22,92648,4749,5.126
China,2020-11-23,92733,4749,5.121
China,2020-11-24,92829,4749,5.116
China,2020-11-25,92914,4749,5.111
China,2020-11-26,93025,4749,5.105
China,2020-11-27,93113,4749,5.100
China,2020-11-28,93225,4749,5.094
China,2020-11-29,93329,4750,5.090
China,2020-11-30,93465,4750,5.082
China,2020-12-01,93577,4750,5.076
China,2020-12-02,93668,4750,5.071
China,2020-12-03,93797,4751,5.065
China,2020-12-04,93905,4752,5.060
China,2020-12-05,94038,4753,5.054
China,2020-12-06,94160,4753,5.048
China,2020-12-07,94293,4753,5.041
China,2020-12-08,94383,4753,5.036
China,2020-12-09,94500,4753,5.030
China,2020-12-10,94618,4755,5.025
China,2020-12-11,94749,4755,5.019
China,2020-12-12,94849,4755,5.013
China,2020-12-13,94950,4756,5.009
China,2020-12-14,95064,4758,5.005
China,2020-12-15,95167,4761,5.003
China,2020-12-16,95279,4764,5.000
China,2020-12-17,95375,4764,4.995
China,2020-12-18,95491,4766,4.991
China,2020-12-19,95580,4770,4.991
China,2020-12-20,95716,4770,4.983
China,2020-12-21,95816,4771,4.979
China,2020-12-22,95916,4772,4.975
China,2020-12-23,95998,4773,4.972
China,2020-12-24,96074,4774,4.969
China,2020-12-25,96159,4776,4.967
China,2020-12-26,96240,4777,4.964
China,2020-12-27,96324,4777,4.959
China,2020-12-28,96417,4778,4.956
China,2020-12-29,96513,4782,4.955
China,2020-12-30,96592,4784,4.953
China,2020-12-31,96673,4788,4.953
China,2021-01-01,96829,4789,4.946
China,2021-01-02,96894,4790,4.944
China,2021-01-03,96972,4791,4.941
China,2021-01-04,97061,4791,4.936
China,2021-01-05,97127,4794,4.936
China,2021-01-06,97217,4794,4.931
China,2021-01-07,97306,4795,4.928
China,2021-01-08,97387,4795,4.924
China,2021-01-09,97518,4796,4.918
China,2021-01-10,97652,4798,4.913
China,2021-01-11,97754,4799,4.909
China,2021-01-12,97933,4800,4.901
China,2021-01-13,98117,4801,4.893
China,2021-01-14,98290,4803,4.887
China,2021-01-15,98459,4803,4.878
China,2021-01-16,98625,4803,4.870
China,2021-01-17,98794,4804,4.863
China,2021-01-18,99026,4804,4.851
China,2021-01-19,99191,4805,4.844
China,2021-01-20,99414,4807,4.835
China,2021-01-21,99589,4808,4.828
China,2021-01-22,99767,4809,4.820
China,2021-01-23,99931,4810,4.813
China,2021-01-24,100136,4810,4.803
China,2021-01-25,100291,4811,4.797
China,2021-01-26,100431,4814,4.793
China,2021-01-27,100548,4816,4.790
China,2021-01-28,100641,4818,4.787
China,2021-01-29,100747,4820,4.784
China,2021-01-30,100877,4821,4.779
China,2021-01-31,100974,4823,4.776
China,2021-02-01,101039,4825,4.775
China,2021-02-02,101092,4826,4.774
China,2021-02-03,101143,4828,4.773
China,2021-02-04,101187,4829,4.772
China,2021-02-05,101241,4831,4.772
China,2021-02-06,101272,4831,4.770
China,2021-02-07,101316,4831,4.768
China,2021-02-08,101363,4831,4.766
China,2021-02-09,101408,4831,4.764
China,2021-02-10,101429,4833,4.765
China,2021-02-11,101463,4834,4.764
China,2021-02-12,101496,4836,4.765
China,2021-02-13,101515,4837,4.765
China,2021-02-14,101536,4838,4.765
China,2021-02-15,101561,4838,4.764
China,2021-02-16,101576,4838,4.763
China,2021-02-17,101604,4840,4.764
China,2021-02-18,101624,4842,4.765
China,2021-02-19,101646,4842,4.764
China,2021-02-20,101669,4842,4.763
China,2021-02-21,101700,4842,4.761
China,2021-02-22,101726,4842,4.760
China,2021-02-23,101750,4842,4.759
China,2021-02-24,101778,4842,4.757
China,2021-02-25,101802,4843,4.757
China,2021-02-26,101836,4843,4.756
China,2021-02-27,101878,4843,4.754
China,2021-02-28,101920,4843,4.752
China,2021-03-01,101945,4844,4.752
China,2021-03-02,101968,4845,4.751
China,2021-03-03,101995,4845,4.750
China,2021-03-04,102015,4845,4.749
China,2021-03-05,102036,4846,4.749
China,2021-03-06,102064,4846,4.748
China,2021-03-07,102101,4848,4.748
China,2021-03-08,102125,4848,4.747
China,2021-03-09,102152,4848,4.746
China,2021-03-10,102172,4848,4.745
China,2021-03-11,102203,4849,4.744
China,2021-03-12,102276,4849,4.741
China,2021-03-13,102333,4849,4.738
China,2021-03-14,102363,4849,4.737
China,2021-03-15,102411,4849,4.735
China,2021-03-16,102433,4849,4.734
China,2021-03-17,102450,4849,4.733
China,2021-03-18,102479,4849,4.732
China,2021-03-19,102502,4849,4.731
China,2021-03-20,102523,4849,4.730
China,2021-03-21,102539,4849,4.729
China,2021-03-22,102566,4849,4.728
China,2021-03-23,102589,4849,4.727
China,2021-03-24,102612,4850,4.727
China,2021-03-25,102635,4850,4.725
China,2021-03-26,102659,4850,4.724
China,2021-03-27,102680,4851,4.724
China,2021-03-28,102698,4851,4.724
China,2021-03-29,102715,4851,4.723
China,2021-03-30,102734,4851,4.722
China,2021-03-31,102762,4851,4.721
China,2021-04-01,102790,4851,4.719
China,2021-04-02,102838,4851,4.717
China,2021-04-03,102867,4851,4.716
China,2021-04-04,102908,4851,4.714
China,2021-04-05,102949,4851,4.712
China,2021-04-06,102970,4851,4.711
China,2021-04-07,103003,4851,4.710
China,2021-04-08,103034,4851,4.708
China,2021-04-09,103066,4851,4.707
China,2021-04-10,103083,4853,4.708
China,2021-04-11,103113,4853,4.706
China,2021-04-12,103136,4854,4.706
China,2021-04-13,103165,4854,4.705
China,2021-04-14,103185,4855,4.705
China,2021-04-15,103203,4856,4.705
China,2021-04-16,103237,4856,4.704
China,2021-04-17,103273,4856,4.702
China,2021-04-18,103315,4856,4.700
China,2021-04-19,103340,4856,4.699
China,2021-04-20,103371,4856,4.698
China,2021-04-21,103382,4856,4.697
China,2021-04-22,103419,4856,4.695
China,2021-04-23,103441,4856,4.694
China,2021-04-24,103464,4856,4.693
China,2021-04-25,103484,4856,4.693
China,2021-04-26,103503,4857,4.693
China,2021-04-27,103529,4857,4.691
China,2021-04-28,103562,4857,4.690
China,2021-04-29,103595,4857,4.688
China,2021-04-30,103622,4857,4.687
China,2021-05-01,103649,4858,4.687
China,2021-05-02,103667,4858,4.686
China,2021-05-03,103694,4858,4.685
China,2021-05-04,103713,4858,4.684
China,2021-05-05,103731,4858,4.683
China,2021-05-06,103759,4858,4.682
China,2021-05-07,103773,4858,4.681
China,2021-05-08,103795,4858,4.680
China,2021-05-09,103808,4858,4.680
China,2021-05-10,103841,4858,4.678
China,2021-05-11,103869,4858,4.677
China,2021-05-12,103901,4858,4.676
China,2021-05-13,103936,4858,4.674
China,2021-05-14,103985,4858,4.672
China,2021-05-15,104191,4858,4.663
China,2021-05-16,104425,4858,4.652
China,2021-05-17,104782,4858,4.636
China,2021-05-18,105040,4860,4.627
China,2021-05-19,105326,4860,4.614
China,2021-05-20,105645,4861,4.601
China,2021-05-21,105971,4861,4.587
China,2021-05-22,106713,4863,4.557
China,2021-05-23,107187,4869,4.543
China,2021-05-24,107798,4875,4.522
China,2021-05-25,108356,4881,4.505
China,2021-05-26,109010,4892,4.488
China,2021-05-27,109688,4905,4.472
China,2021-05-28,110260,4924,4.466
China,2021-05-29,110764,4945,4.464
China,2021-05-30,111146,4955,4.458
China,2021-05-31,111523,4970,4.456
China,2021-06-01,111884,4983,4.454
China,2021-06-02,112457,4995,4.442
China,2021-06-03,113066,5012,4.433
China,2021-06-04,113564,5033,4.432
China,2021-06-05,114105,5070,4.443
China,2021-06-06,114667,5106,4.453
China,2021-06-07,114691,5132,4.475
China,2021-06-08,114928,5154,4.485
China,2021-06-09,115217,5179,4.495
China,2021-06-10,115498,5207,4.508
China,2021-06-11,115815,5231,4.517
China,2021-06-12,116103,5257,4.528
China,2021-06-13,116301,5283,4.543
China,2021-06-14,116507,5298,4.547
China,2021-06-15,116663,5306,4.548
China,2021-06-16,116853,5324,4.556
China,2021-06-17,117050,5343,4.565
China,2021-06-18,117269,5364,4.574
China,2021-06-19,117421,5384,4.585
China,2021-06-20,117548,5395,4.590
China,2021-06-21,117649,5415,4.603
China,2021-06-22,117758,5421,4.604
China,2021-06-23,117879,5445,4.619
China,2021-06-24,118040,5451,4.618
China,2021-06-25,118145,5456,4.618
China,2021-06-26,118241,5469,4.625
China,2021-06-27,118358,5478,4.628
China,2021-06-28,118439,5481,4.628
China,2021-06-29,118503,5490,4.633
China,2021-06-30,118572,5495,4.634
China,2021-07-01,118644,5508,4.642
China,2021-07-02,118736,5523,4.651
China,2021-07-03,118832,5533,4.656
China,2021-07-04,118896,5535,4.655
China,2021-07-05,118949,5537,4.655
China,2021-07-06,119036,5554,4.666
China,2021-07-07,119094,5563,4.671
China,2021-07-08,119141,5566,4.672
China,2021-07-09,119204,5578,4.679
China,2021-07-10,119262,5584,4.682
China,2021-07-11,119321,5588,4.683
China,2021-07-12,119374,5589,4.682
China,2021-07-13,119427,5595,4.685
China,2021-07-14,119485,5601,4.688
China,2021-07-15,119539,5607,4.691
China,2021-07-16,119602,5611,4.691
China,2021-07-17,119647,5612,4.690
China,2021-07-18,119698,5616,4.692
China,2021-07-19,119784,5617,4.689
China,2021-07-20,119837,5621,4.691
China,2021-07-21,119918,5626,4.692
China,2021-07-22,120000,5630,4.692
China,2021-07-23,120061,5632,4.691
China,2021-07-24,120120,5634,4.690
China,2021-07-25,120213,5634,4.687
China,2021-07-26,120295,5634,4.683
China,2021-07-27,120399,5635,4.680
China,2021-07-28,120469,5635,4.678
China,2021-07-29,120553,5635,4.674
China,2021-07-30,120635,5635,4.671
China,2021-07-31,120722,5635,4.668
China,2021-08-01,120837,5637,4.665
China,2021-08-02,120944,5637,4.661
China,2021-08-03,121067,5639,4.658
China,2021-08-04,121175,5639,4.654
China,2021-08-05,121316,5639,4.648
China,2021-08-06,121437,5642,4.646
China,2021-08-07,121550,5654,4.652
China,2021-08-08,121684,5657,4.649
China,2021-08-09,121837,5661,4.646
China,2021-08-10,121960,5662,4.643
China,2021-08-11,122058,5664,4.640
China,2021-08-12,122168,5665,4.637
China,2021-08-13,122255,5667,4.635
China,2021-08-14,122317,5669,4.635
China,2021-08-15,122378,5669,4.632
China,2021-08-16,122433,5669,4.630
China,2021-08-17,122482,5669,4.628
China,2021-08-18,122542,5669,4.626
China,2021-08-19,122586,5674,4.629
China,2021-08-20,122617,5675,4.628
China,2021-08-21,122662,5676,4.627
China,2021-08-22,122698,5676,4.626
China,2021-08-23,122744,5676,4.624
China,2021-08-24,122777,5677,4.624
China,2021-08-25,122809,5678,4.623
China,2021-08-26,122852,5680,4.623
China,2021-08-27,122897,5681,4.623
China,2021-08-28,122942,5681,4.621
China,2021-08-29,122995,5682,4.620
China,2021-08-30,123043,5682,4.618
China,2021-08-31,123068,5683,4.618
China,2021-09-01,123103,5684,4.617
China,2021-09-02,123131,5685,4.617
China,2021-09-03,123169,5685,4.616
China,2021-09-04,123199,5685,4.614
China,2021-09-05,123231,5685,4.613
China,2021-09-06,123285,5685,4.611
China,2021-09-07,123322,5685,4.610
China,2021-09-08,123361,5685,4.608
China,2021-09-09,123386,5686,4.608
China,2021-09-10,123423,5687,4.608
China,2021-09-11,123478,5687,4.606
China,2021-09-12,123544,5687,4.603
China,2021-09-13,123642,5688,4.600
China,2021-09-14,123722,5688,4.597
China,2021-09-15,123808,5688,4.594
China,2021-09-16,123904,5688,4.591
China,2021-09-17,123961,5688,4.589
China,2021-09-18,124038,5688,4.586
China,2021-09-19,124102,5689,4.584
China,2021-09-20,124185,5689,4.581
China,2021-09-21,124232,5689,4.579
China,2021-09-22,124283,5690,4.578
China,2021-09-23,124348,5690,4.576
China,2021-09-24,124401,5690,4.574
China,2021-09-25,124444,5690,4.572
China,2021-09-26,124495,5690,4.570
China,2021-09-27,124538,5691,4.570
China,2021-09-28,124591,5691,4.568
China,2021-09-29,124629,5691,4.566
China,2021-09-30,124673,5691,4.565
China,2021-10-01,124729,5692,4.563
China,2021-10-02,124772,5692,4.562
China,2021-10-03,124805,5692,4.561
China,2021-10-04,124843,5693,4.560
China,2021-10-05,124884,5693,4.559
China,2021-10-06,124920,5693,4.557
China,2021-10-07,124954,5693,4.556
China,2021-10-08,124987,5694,4.556
China,2021-10-09,125023,5695,4.555
China,2021-10-10,125055,5695,4.554
China,2021-10-11,125085,5695,4.553
China,2021-10-12,125115,5695,4.552
China,2021-10-13,125143,5695,4.551
China,2021-10-14,125162,5695,4.550
China,2021-10-15,125189,5695,4.549
China,2021-10-16,125226,5695,4.548
China,2021-10-17,125254,5695,4.547
China,2021-10-18,125284,5695,4.546
China,2021-10-19,125322,5695,4.544
China,2021-10-20,125351,5695,4.543
China,2021-10-21,125402,5695,4.541
China,2021-10-22,125462,5695,4.539
China,2021-10-23,125518,5695,4.537
China,2021-10-24,125565,5695,4.535
China,2021-10-25,125620,5696,4.534
China,2021-10-26,125686,5696,4.532
China,2021-10-27,125738,5696,4.530
China,2021-10-28,125810,5696,4.527
China,2021-10-29,125898,5696,4.524
China,2021-10-30,125979,5696,4.521
China,2021-10-31,126078,5696,4.518
China,2021-11-01,126155,5696,4.515
China,2021-11-02,126270,5696,4.511
China,2021-11-03,126384,5696,4.507
China,2021-11-04,126471,5696,4.504
China,2021-11-05,126534,5696,4.502
China,2021-11-06,126616,5696,4.499
China,2021-11-07,126710,5696,4.495
China,2021-11-08,126775,5696,4.493
China,2021-11-09,126836,5697,4.492
China,2021-11-10,126908,5697,4.489
China,2021-11-11,127018,5697,4.485
China,2021-11-12,127104,5697,4.482
China,2021-11-13,127199,5697,4.479
China,2021-11-14,127260,5697,4.477
China,2021-11-15,127297,5697,4.475
China,2021-11-16,127331,5697,4.474
China,2021-11-17,127374,5697,4.473
China,2021-11-18,127405,5697,4.472
China,2021-11-19,127439,5697,4.470
China,2021-11-20,127463,5697,4.470
China,2021-11-21,127512,5697,4.468
China,2021-11-22,127537,5697,4.467
China,2021-11-23,127572,5697,4.466
China,2021-11-24,127602,5697,4.465
China,2021-11-25,127631,5697,4.464
China,2021-11-26,127672,5697,4.462
China,2021-11-27,127710,5697,4.461
China,2021-11-28,127764,5697,4.459
China,2021-11-29,127814,5697,4.457
China,2021-11-30,127938,5697,4.453
China,2021-12-01,128022,5697,4.450
China,2021-12-02,128141,5697,4.446
China,2021-12-03,128245,5697,4.442
China,2021-12-04,128319,5697,4.440
China,2021-12-05,128393,5697,4.437
China,2021-12-06,128502,5697,4.433
China,2021-12-07,128602,5697,4.430
China,2021-12-08,128690,5697,4.427
China,2021-12-09,128777,5697,4.424
China,2021-12-10,128884,5697,4.420
China,2021-12-11,128970,5697,4.417
China,2021-12-12,129082,5697,4.413
China,2021-12-13,129165,5697,4.411
China,2021-12-14,129247,5697,4.408
China,2021-12-15,129332,5698,4.406
China,2021-12-16,129430,5698,4.402
China,2021-12-17,129577,5698,4.397
China,2021-12-18,129678,5698,4.394
China,2021-12-19,129794,5699,4.391
China,2021-12-20,129893,5699,4.387
China,2021-12-21,129988,5699,4.384
China,2021-12-22,130109,5699,4.380
China,2021-12-23,130211,5699,4.377
China,2021-12-24,130376,5699,4.371
China,2021-12-25,130625,5699,4.363
China,2021-12-26,130858,5699,4.355
China,2021-12-27,131093,5699,4.347
China,2021-12-28,131315,5699,4.340
China,2021-12-29,131548,5699,4.332
China,2021-12-30,131780,5699,4.325
China,2021-12-31,132071,5699,4.315
China,2022-01-01,132301,5699,4.308
China,2022-01-02,132508,5699,4.301
China,2022-01-03,132737,5699,4.293
China,2022-01-04,132901,5699,4.288
China,2022-01-05,133154,5699,4.280
China,2022-01-06,133404,5699,4.272
China,2022-01-07,133656,5699,4.264
China,2022-01-08,133902,5699,4.256
China,2022-01-09,134151,5699,4.248
China,2022-01-10,134399,5699,4.240
China,2022-01-11,134711,5699,4.231
China,2022-01-12,135019,5699,4.221
China,2022-01-13,135299,5700,4.213
China,2022-01-14,135540,5700,4.205
China,2022-01-15,135742,5700,4.199
China,2022-01-16,136027,5700,4.190
China,2022-01-17,136270,5700,4.183
China,2022-01-18,136441,5700,4.178
China,2022-01-19,136576,5700,4.174
China,2022-01-20,136700,5700,4.170
China,2022-01-21,136854,5700,4.165
China,2022-01-22,137064,5700,4.159
China,2022-01-23,137350,5700,4.150
China,2022-01-24,137582,5700,4.143
China,2022-01-25,137757,5700,4.138
China,2022-01-26,138018,5700,4.130
China,2022-01-27,138313,5700,4.121
China,2022-01-28,138551,5700,4.114
China,2022-01-29,138799,5700,4.107
China,2022-01-30,138992,5700,4.101
China,2022-01-31,139205,5700,4.095
China,2022-02-01,139457,5700,4.087
China,2022-02-02,139664,5700,4.081
China,2022-02-03,139891,5700,4.075
China,2022-02-04,140120,5700,4.068
China,2022-02-05,140586,5700,4.054
China,2022-02-06,141049,5700,4.041
China,2022-02-07,141816,5700,4.019
China,2022-02-08,142599,5700,3.997
China,2022-02-09,143843,5702,3.964
China,2022-02-10,145013,5703,3.933
China,2022-02-11,146516,5703,3.892
China,2022-02-12,148157,5706,3.851
China,2022-02-13,149640,5706,3.813
China,2022-02-14,151845,5708,3.759
China,2022-02-15,153610,5712,3.719
China,2022-02-16,158051,5715,3.616
China,2022-02-17,164322,5726,3.485
China,2022-02-18,168155,5747,3.418
China,2022-02-19,174486,5764,3.303
China,2022-02-20,180767,5776,3.195
China,2022-02-21,188487,5788,3.071
China,2022-02-22,194947,5824,2.987
China,2022-02-23,203863,5873,2.881
China,2022-02-24,212966,5913,2.776
China,2022-02-25,251129,5986,2.384
China,2022-02-26,274833,6066,2.207
China,2022-02-27,301154,6148,2.041
China,2022-02-28,335876,6233,1.856
China,2022-03-01,368741,6479,1.757
China,2022-03-02,424358,6657,1.569
China,2022-03-03,481550,6855,1.424
China,2022-03-04,534418,7043,1.318
China,2022-03-05,572356,7263,1.269
China,2022-03-06,603734,7496,1.242
China,2022-03-07,629238,7776,1.236
China,2022-03-08,658103,8067,1.226
China,2022-03-09,684699,8358,1.221
China,2022-03-10,709726,8639,1.217
China,2022-03-11,729284,8933,1.225
China,2022-03-12,747072,9218,1.234
China,2022-03-13,761907,9482,1.245
China,2022-03-14,777624,9768,1.256
China,2022-03-15,791571,10057,1.271
China,2022-03-16,807432,10336,1.280
China,2022-03-17,818612,10625,1.298
China,2022-03-18,828881,10890,1.314
China,2022-03-19,838272,11139,1.329
China,2022-03-20,846296,11387,1.346
China,2022-03-21,853254,11610,1.361
China,2022-03-22,860306,11855,1.378
China,2022-03-23,866707,12060,1.391
China,2022-03-24,873944,12261,1.403
China,2022-03-25,879993,12453,1.415
China,2022-03-26,885234,12592,1.422
China,2022-03-27,890267,12743,1.431
China,2022-03-28,894914,12911,1.443
China,2022-03-29,899803,13062,1.452
China,2022-03-30,904798,13197,1.459
China,2022-03-31,909723,13316,1.464
China,2022-04-01,914831,13436,1.469
China,2022-04-02,919026,13552,1.475
China,2022-04-03,922543,13663,1.481
China,2022-04-04,925640,13753,1.486
China,2022-04-05,928994,13840,1.490
China,2022-04-06,932165,13951,1.497
China,2022-04-07,935640,14048,1.501
China,2022-04-08,938719,14134,1.506
China,2022-04-09,941545,14197,1.508
China,2022-04-10,944191,14262,1.510
China,2022-04-11,946791,14319,1.512
China,2022-04-12,949659,14378,1.514
China,2022-04-13,954346,14440,1.513
China,2022-04-14,959392,14494,1.511
China,2022-04-15,965042,14561,1.509
China,2022-04-16,970368,14602,1.505
China,2022-04-17,974858,14634,1.501
China,2022-04-18,979966,14661,1.496
China,2022-04-19,984769,14687,1.491
China,2022-04-20,990420,14705,1.485
China,2022-04-21,995928,14742,1.480
China,2022-04-22,1003057,14769,1.472
China,2022-04-23,1009091,14817,1.468
China,2022-04-24,1017161,14881,1.463
China,2022-04-25,1024544,14951,1.459
China,2022-04-26,1032905,15006,1.453
China,2022-04-27,1043544,15063,1.443
China,2022-04-28,1060926,15122,1.425
China,2022-04-29,1074853,15182,1.412
China,2022-04-30,1091080,15233,1.396
China,2022-05-01,1109144,15273,1.377
China,2022-05-02,1127501,15301,1.357
China,2022-05-03,1151123,15329,1.332
China,2022-05-04,1179973,15350,1.301
China,2022-05-05,1210601,15372,1.270
China,2022-05-06,1247141,15406,1.235
China,2022-05-07,1292048,15425,1.194
China,2022-05-08,1336865,15450,1.156
China,2022-05-09,1377637,15469,1.123
China,2022-05-10,1428843,15493,1.084
China,2022-05-11,1486396,15509,1.043
China,2022-05-12,1552277,15529,1.000
China,2022-05-13,1617603,15574,0.963
China,2022-05-14,1681949,15618,0.929
China,2022-05-15,1750942,15642,0.893
China,2022-05-16,1812953,15672,0.864
China,2022-05-17,1878918,15713,0.836
China,2022-05-18,1963655,15759,0.803
China,2022-05-19,2054311,15819,0.770
China,2022-05-20,2140374,15873,0.742
China,2022-05-21,2225239,15935,0.716
China,2022-05-22,2304993,15989,0.694
China,2022-05-23,2371470,16030,0.676
China,2022-05-24,2454083,16072,0.655
China,2022-05-25,2543690,16151,0.635
China,2022-05-26,2625810,16258,0.619
China,2022-05-27,2720563,16385,0.602
China,2022-05-28,2801606,16513,0.589
China,2022-05-29,2878333,16658,0.579
China,2022-05-30,2938534,16769,0.571
China,2022-05-31,3019343,16859,0.558
China,2022-06-01,3107768,17127,0.551
China,2022-06-02,3184902,17271,0.542
China,2022-06-03,3261688,17423,0.534
China,2022-06-04,3330038,17551,0.527
China,2022-06-05,3392302,17702,0.522
China,2022-06-06,3445556,17829,0.517
China,2022-06-07,3528728,17988,0.510
China,2022-06-08,3609157,18200,0.504
China,2022-06-09,3682501,18413,0.500
China,2022-06-10,3751164,18624,0.496
China,2022-06-11,3831184,18787,0.490
China,2022-06-12,3882284,18896,0.487
China,2022-06-13,3927743,19020,0.484
China,2022-06-14,3994394,19164,0.480
China,2022-06-15,4063864,19332,0.476
China,2022-06-16,4127625,19486,0.472
China,2022-06-17,4183367,19668,0.470
China,2022-06-18,4237585,19842,0.468
China,2022-06-19,4288753,19987,0.466
China,2022-06-20,4324935,20102,0.465
China,2022-06-21,4381874,20274,0.463
China,2022-06-22,4434825,20441,0.461
China,2022-06-23,4483878,20593,0.459
China,2022-06-24,4530391,20744,0.458
China,2022-06-25,4571511,20878,0.457
China,2022-06-26,4611936,20969,0.455
China,2022-06-27,4641273,21073,0.454
China,2022-06-28,4686285,21158,0.451
China,2022-06-29,4729420,21278,0.450
China,2022-06-30,4769367,21400,0.449
China,2022-07-01,4806192,21499,0.447
China,2022-07-02,4841957,21499,0.444
China,2022-07-03,4841957,21658,0.447
China,2022-07-04,4875284,21761,0.446
China,2022-07-05,4898960,21857,0.446
China,2022-07-06,4936074,21963,0.445
China,2022-07-07,4971936,22097,0.444
China,2022-07-08,5004630,22191,0.443
China,2022-07-09,5036358,22264,0.442
China,2022-07-10,5065872,22367,0.442
China,2022-07-11,5095227,22429,0.440
China,2022-07-12,5115727,22481,0.439
China,2022-07-13,5148396,22575,0.438
China,2022-07-14,5179978,22694,0.438
China,2022-07-15,5209337,22767,0.437
China,2022-07-16,5236372,22844,0.436
China,2022-07-17,5263427,22895,0.435
China,2022-07-18,5289394,22936,0.434
China,2022-07-19,5309031,22994,0.433
China,2022-07-20,5337750,23072,0.432
China,2022-07-21,5366802,23164,0.432
China,2022-07-22,5393940,23224,0.431
China,2022-07-23,5419849,23297,0.430
China,2022-07-24,5444117,23353,0.429
China,2022-07-25,5467735,23396,0.428
China,2022-07-26,5486631,23434,0.427
China,2022-07-27,5513669,23501,0.426
China,2022-07-28,5541424,23563,0.425
China,2022-07-29,5567513,23627,0.424
China,2022-07-30,5592798,23662,0.423
China,2022-07-31,5616120,23704,0.422
China,2022-08-01,5639015,23746,0.421
China,2022-08-02,5657382,23782,0.420
China,2022-08-03,5682661,23841,0.420
China,2022-08-04,5708590,23899,0.419
China,2022-08-05,5733705,23899,0.417
China,2022-08-06,5757507,24001,0.417
China,2022-08-07,5779460,24034,0.416
China,2022-08-08,5803503,24055,0.414
China,2022-08-09,5820914,24084,0.414
China,2022-08-10,5846661,24129,0.413
China,2022-08-11,5873062,24164,0.411
China,2022-08-12,5898144,24207,0.410
China,2022-08-13,5922255,24232,0.409
China,2022-08-14,5946156,24258,0.408
China,2022-08-15,5969737,24285,0.407
China,2022-08-16,5987840,24322,0.406
China,2022-08-17,6013573,24361,0.405
China,2022-08-18,6041443,24401,0.404
China,2022-08-19,6067867,24442,0.403
China,2022-08-20,6093623,24471,0.402
China,2022-08-21,6118580,24499,0.400
China,2022-08-22,6143831,24525,0.399
China,2022-08-23,6163524,24557,0.398
China,2022-08-24,6192692,24603,0.397
China,2022-08-25,6224719,24655,0.396
China,2022-08-26,6255524,24699,0.395
China,2022-08-27,6284888,24740,0.394
China,2022-08-28,6313044,24766,0.392
China,2022-08-29,6343253,24806,0.391
China,2022-08-30,6366770,24836,0.390
China,2022-08-31,6401474,24883,0.389
China,2022-09-01,6439671,24927,0.387
China,2022-09-02,6477468,24976,0.386
China,2022-09-03,6514732,25019,0.384
China,2022-09-04,6551088,25058,0.383
China,2022-09-05,6588871,25088,0.381
China,2022-09-06,6616059,25130,0.380
China,2022-09-07,6655686,25171,0.378
China,2022-09-08,6700253,25237,0.377
China,2022-09-09,6738670,25275,0.375
China,2022-09-10,6775925,25315,0.374
China,2022-09-11,6814376,25354,0.372
China,2022-09-12,6849052,25381,0.371
China,2022-09-13,6876842,25428,0.370
China,2022-09-14,6926153,25491,0.368
China,2022-09-15,6978242,25553,0.366
China,2022-09-16,7026344,25635,0.365
China,2022-09-17,7070401,25671,0.363
China,2022-09-18,7112069,25712,0.362
China,2022-09-19,7153632,25744,0.360
China,2022-09-20,7183798,25792,0.359
China,2022-09-21,7230110,25868,0.358
China,2022-09-22,7278835,26074,0.358
China,2022-09-23,7323095,26132,0.357
China,2022-09-24,7364715,26176,0.355
China,2022-09-25,7404545,26244,0.354
China,2022-09-26,7444969,26278,0.353
China,2022-09-27,7475093,26330,0.352
China,2022-09-28,7522177,26388,0.351
China,2022-09-29,7572186,26446,0.349
China,2022-09-30,7618476,26500,0.348
China,2022-10-01,7663334,26568,0.347
China,2022-10-02,7707637,26609,0.345
China,2022-10-03,7752231,26648,0.344
China,2022-10-04,7787091,26706,0.343
China,2022-10-05,7838015,26769,0.342
China,2022-10-06,7894502,26823,0.340
China,2022-10-07,7942654,26912,0.339
China,2022-10-08,7995278,26977,0.337
China,2022-10-09,8041467,27044,0.336
China,2022-10-10,8087917,27089,0.335
China,2022-10-11,8122024,27135,0.334
China,2022-10-12,8165181,27172,0.333
China,2022-10-13,8219630,27259,0.332
China,2022-10-14,8274992,27343,0.330
China,2022-10-15,8325134,27413,0.329
China,2022-10-16,8370377,27471,0.328
China,2022-10-17,8413945,27511,0.327
China,2022-10-18,8444723,27565,0.326
China,2022-10-19,8491313,27666,0.326
China,2022-10-20,8537743,27753,0.325
China,2022-10-21,8578991,27812,0.324
China,2022-10-22,8617960,27881,0.324
China,2022-10-23,8655725,27950,0.323
China,2022-10-24,8692973,28002,0.322
China,2022-10-25,8721254,28061,0.322
China,2022-10-26,8762326,28153,0.321
China,2022-10-27,8804700,28217,0.320
China,2022-10-28,8842495,28301,0.320
China,2022-10-29,8879285,28389,0.320
China,2022-10-30,8913719,28460,0.319
China,2022-10-31,8947475,28518,0.319
China,2022-11-01,8972195,28579,0.319
China,2022-11-02,9008370,28670,0.318
China,2022-11-03,9040528,28755,0.318
China,2022-11-04,9075899,28840,0.318
China,2022-11-05,9105052,28900,0.317
China,2022-11-06,9132821,28939,0.317
China,2022-11-07,9159106,28958,0.316
China,2022-11-08,9178128,29037,0.316
China,2022-11-09,9205734,29112,0.316
China,2022-11-10,9233530,29184,0.316
China,2022-11-11,9258687,29250,0.316
China,2022-11-12,9282033,29320,0.316
China,2022-11-13,9304566,29370,0.316
China,2022-11-14,9326758,29426,0.316
China,2022-11-15,9346760,29503,0.316
China,2022-11-16,9368621,29592,0.316
China,2022-11-17,9395793,29657,0.316
China,2022-11-18,9420476,29726,0.316
China,2022-11-19,9442670,29784,0.315
China,2022-11-20,9463379,29838,0.315
China,2022-11-21,9483961,29889,0.315
China,2022-11-22,9500046,29901,0.315
China,2022-11-23,9523005,30010,0.315
China,2022-11-24,9547264,30082,0.315
China,2022-11-25,9568798,30121,0.315
China,2022-11-26,9588606,30166,0.315
China,2022-11-27,9607584,30192,0.314
China,2022-11-28,9626706,30205,0.314
China,2022-11-29,9643012,30320,0.314
China,2022-11-30,9666674,30388,0.314
China,2022-12-01,9691103,30428,0.314
China,2022-12-02,9713510,30480,0.314
China,2022-12-03,9734058,30525,0.314
China,2022-12-04,9753725,30567,0.313
China,2022-12-05,9773625,30605,0.313
China,2022-12-06,9791454,30653,0.313
China,2022-12-07,9814887,30717,0.313
China,2022-12-08,9839546,30884,0.314
China,2022-12-09,9862129,31053,0.315
China,2022-12-10,10325600,31244,0.303
China,2022-12-11,10871623,31438,0.289
China,2022-12-12,11619517,31627,0.272
China,2022-12-13,12515619,31837,0.254
China,2022-12-14,13545806,32050,0.237
China,2022-12-15,14765741,32277,0.219
China,2022-12-16,16555511,32536,0.197
China,2022-12-17,18855980,32831,0.174
China,2022-12-18,21970173,33146,0.151
China,2022-12-19,26039022,33506,0.129
China,2022-12-20,31141979,33960,0.109
China,2022-12-21,37047291,34588,0.093
China,2022-12-22,43481939,35424,0.081
China,2022-12-23,50447985,36318,0.072
China,2022-12-24,56775786,37626,0.066
China,2022-12-25,62445650,38995,0.062
China,2022-12-26,67213922,40389,0.060
China,2022-12-27,71676403,41805,0.058
China,2022-12-28,76033175,43650,0.057
China,2022-12-29,79566547,45888,0.058
China,2022-12-30,82495770,48738,0.059
China,2022-12-31,84925042,52544,0.062
China,2023-01-01,87090526,56888,0.065
China,2023-01-02,88697147,61077,0.069
China,2023-01-03,89979614,65509,0.073
China,2023-01-04,91344022,69879,0.077
China,2023-01-05,92594601,69879,0.075
China,2023-01-06,93586490,69879,0.075
China,2023-01-07,94449740,69879,0.074
China,2023-01-08,95152288,69879,0.073
China,2023-01-09,95679937,69879,0.073
China,2023-01-10,96087638,69879,0.073
China,2023-01-11,96494147,69879,0.072
China,2023-01-12,96803945,69879,0.072
China,2023-01-13,97080949,69879,0.072
China,2023-01-14,97313450,69879,0.072
China,2023-01-15,97513859,69879,0.072
China,2023-01-16,97655370,69879,0.072
China,2023-01-17,97770942,69879,0.071
China,2023-01-18,97905546,69879,0.071
China,2023-01-19,98013209,69879,0.071
China,2023-01-20,98106457,69879,0.071
China,2023-01-21,98191636,69879,0.071
China,2023-01-22,98269042,69879,0.071
China,2023-01-23,98313709,69879,0.071
China,2023-01-24,98340016,69879,0.071
China,2023-01-25,98355332,69879,0.071
China,2023-01-26,98374960,69879,0.071
China,2023-01-27,98391852,69879,0.071
China,2023-01-28,98416655,69879,0.071
China,2023-01-29,98444584,69879,0.071
China,2023-01-30,98472389,69879,0.071
China,2023-01-31,98472389,69879,0.071
China,2023-02-01,98527660,113926,0.116
China,2023-02-02,98527660,113926,0.116
China,2023-02-03,98560415,117399,0.119
China,2023-02-04,98613355,117486,0.119
China,2023-02-05,98637553,117566,0.119
China,2023-02-06,98660943,117634,0.119
China,2023-02-07,98677861,117687,0.119
China,2023-02-08,98701534,117743,0.119
China,2023-02-09,98726090,118706,0.120
China,2023-02-10,98747282,118776,0.120
China,2023-02-11,98766911,118867,0.120
China,2023-02-12,98785727,118926,0.120
China,2023-02-13,98798626,118984,0.120
China,2023-02-14,98815983,119023,0.120
China,2023-02-15,98836681,119092,0.120
China,2023-02-16,98856754,119253,0.121
China,2023-02-17,98873697,119253,0.121
China,2023-02-18,98873697,119260,0.121
China,2023-02-19,98904475,119463,0.121
China,2023-02-20,98920493,119510,0.121
China,2023-02-21,98932674,119556,0.121
China,2023-02-22,98950057,119620,0.121
China,2023-02-23,98966666,119664,0.121
China,2023-02-24,98981193,119664,0.121
China,2023-02-25,98981193,119664,0.121
China,2023-02-26,98982145,119821,0.121
China,2023-02-27,99022291,119865,0.121
China,2023-02-28,99030128,119911,0.121
China,2023-03-01,99040344,119941,0.121
China,2023-03-02,99052660,119976,0.121
China,2023-03-03,99066838,119976,0.121
China,2023-03-04,99066838,120120,0.121
China,2023-03-05,99066935,120181,0.121
China,2023-03-06,99102478,120227,0.121
China,2023-03-07,99109605,120261,0.121
China,2023-03-08,99120684,120301,0.121
China,2023-03-09,99131776,120351,0.121
China,2023-03-10,99141410,120351,0.121
China,2023-03-11,99141410,120453,0.121
China,2023-03-12,99159203,120510,0.122
China,2023-03-13,99168326,120548,0.122
China,2023-03-14,99174923,120576,0.122
China,2023-03-15,99185057,120619,0.122
China,2023-03-16,99195290,120656,0.122
China,2023-03-17,99204384,120656,0.122
China,2023-03-18,99204384,120732,0.122
China,2023-03-19,99224504,120775,0.122
China,2023-03-20,99229371,120775,0.122
China,2023-03-21,99234950,120824,0.122
China,2023-03-22,99237640,120853,0.122
China,2023-03-23,99237936,120893,0.122
China,2023-03-24,99238045,120893,0.122
China,2023-03-25,99238045,120894,0.122
China,2023-03-26,99238106,120894,0.122
China,2023-03-27,99238760,120895,0.122
China,2023-03-28,99238799,120895,0.122
China,2023-03-29,99238850,120896,0.122
China,2023-03-30,99238917,120896,0.122
China,2023-03-31,99238978,120896,0.122
China,2023-04-01,99238978,120896,0.122
China,2023-04-02,99239166,120897,0.122
China,2023-04-03,99239840,120897,0.122
China,2023-04-04,99239919,120897,0.122
China,2023-04-05,99240024,120897,0.122
China,2023-04-06,99240024,120897,0.122
China,2023-04-07,99240024,120897,0.122
China,2023-04-08,99240024,120903,0.122
China,2023-04-09,99240394,120905,0.122
China,2023-04-10,99241089,120906,0.122
China,2023-04-11,99241184,120906,0.122
China,2023-04-12,99241309,120908,0.122
China,2023-04-13,99241487,120909,0.122
China,2023-04-14,99241683,120909,0.122
China,2023-04-15,99241683,120910,0.122
China,2023-04-16,99242093,120912,0.122
China,2023-04-17,99242916,120915,0.122
China,2023-04-18,99243112,120916,0.122
China,2023-04-19,99243330,120917,0.122
China,2023-04-20,99243564,120918,0.122
China,2023-04-21,99243791,120918,0.122
China,2023-04-22,99243791,120922,0.122
China,2023-04-23,99244299,120923,0.122
China,2023-04-24,99245265,120934,0.122
China,2023-04-25,99245524,120937,0.122
China,2023-04-26,99245860,120940,0.122
China,2023-04-27,99246233,120943,0.122
China,2023-04-28,99246622,120943,0.122
China,2023-04-29,99246622,120958,0.122
China,2023-04-30,99247381,120961,0.122
China,2023-05-01,99248583,120963,0.122
China,2023-05-02,99248915,120965,0.122
China,2023-05-03,99249303,120977,0.122
China,2023-05-04,99249738,120984,0.122
China,2023-05-05,99250200,120984,0.122
China,2023-05-06,99250200,121004,0.122
China,2023-05-07,99251117,121015,0.122
China,2023-05-08,99252425,121017,0.122
China,2023-05-09,99252845,121026,0.122
China,2023-05-10,99253333,121036,0.122
China,2023-05-11,99253916,121048,0.122
China,2023-05-12,99254488,121048,0.122
China,2023-05-13,99254494,121068,0.122
China,2023-05-14,99255557,121073,0.122
China,2023-05-15,99256991,121078,0.122
China,2023-05-16,99257461,121087,0.122
China,2023-05-17,99257953,121101,0.122
China,2023-05-18,99258438,121113,0.122
China,2023-05-19,99258917,121113,0.122
China,2023-05-20,99258917,121135,0.122
China,2023-05-21,99259994,121144,0.122
China,2023-05-22,99261809,121154,0.122
China,2023-05-23,99262276,121167,0.122
China,2023-05-24,99262831,121182,0.122
China,2023-05-25,99264054,121280,0.122
China,2023-05-26,99265295,121280,0.122
China,2023-05-27,99265295,121218,0.122
China,2023-05-28,99266460,121235,0.122
China,2023-05-29,99268660,121235,0.122
China,2023-05-30,99269511,121235,0.122
China,2023-05-31,99269511,121236,0.122
China,2023-06-01,99270031,121236,0.122
China,2023-06-02,99270707,121236,0.122
China,2023-06-03,99271124,121236,0.122
China,2023-06-04,99271490,121236,0.122
China,2023-06-05,99273265,121236,0.122
China,2023-06-06,99273417,121236,0.122
China,2023-06-07,99273828,121236,0.122
China,2023-06-08,99274555,121236,0.122
China,2023-06-09,99274769,121236,0.122
China,2023-06-10,99275219,121236,0.122
China,2023-06-11,99278446,121390,0.122
China,2023-06-12,99280250,121390,0.122
China,2023-06-13,99280328,121390,0.122
China,2023-06-14,99280573,121390,0.122
China,2023-06-15,99280732,121390,0.122
China,2023-06-16,99280965,121390,0.122
China,2023-06-17,99281135,121390,0.122
China,2023-06-18,99283001,121390,0.122
China,2023-06-19,99284794,121391,0.122
China,2023-06-20,99284861,121391,0.122
China,2023-06-21,99285063,121391,0.122
China,2023-06-22,99285222,121391,0.122
China,2023-06-23,99285338,121391,0.122
China,2023-06-24,99285398,121465,0.122
China,2023-06-25,99285438,121465,0.122
China,2023-06-26,99288713,121465,0.122
China,2023-06-27,99288760,121465,0.122
China,2023-06-28,99288937,121465,0.122
China,2023-06-29,99289052,121465,0.122
China,2023-06-30,99289156,121465,0.122
China,2023-07-01,99289237,121465,0.122
China,2023-07-02,99289316,121490,0.122
China,2023-07-03,99291899,121490,0.122
China,2023-07-04,99292023,121490,0.122
China,2023-07-05,99292023,121490,0.122
China,2023-07-06,99292023,121490,0.122
China,2023-07-07,99292023,121490,0.122
China,2023-07-08,99292023,121490,0.122
China,2023-07-09,99292049,121515,0.122
China,2023-07-10,99294509,121515,0.122
China,2023-07-11,99294537,121515,0.122
China,2023-07-12,99294648,121515,0.122
China,2023-07-13,99294715,121515,0.122
China,2023-07-14,99294715,121515,0.122
China,2023-07-15,99294715,121515,0.122
China,2023-07-16,99294715,121536,0.122
China,2023-07-17,99296659,121536,0.122
China,2023-07-18,99296680,121536,0.122
China,2023-07-19,99296698,121536,0.122
China,2023-07-20,99296778,121536,0.122
China,2023-07-21,99296839,121536,0.122
China,2023-07-22,99297160,121536,0.122
China,2023-07-23,99297160,121536,0.122
China,2023-07-24,99298804,121536,0.122
China,2023-07-25,99298804,121536,0.122
China,2023-07-26,99298804,121536,0.122
China,2023-07-27,99298804,121536,0.122
China,2023-07-28,99298804,121536,0.122
China,2023-07-29,99299134,121536,0.122
China,2023-07-30,99299701,121536,0.122
China,2023-07-31,99300370,121563,0.122
China,2023-08-01,99300370,121563,0.122
China,2023-08-02,99300370,121628,0.122
China,2023-08-03,99300370,121628,0.122
China,2023-08-04,99300370,121628,0.122
China,2023-08-05,99300764,121628,0.122
China,2023-08-06,99301655,121647,0.123
China,2023-08-07,99302207,121647,0.123
China,2023-08-08,99302207,121647,0.123
China,2023-08-09,99302207,121647,0.123
China,2023-08-10,99302207,121647,0.123
China,2023-08-11,99302207,121647,0.123
China,2023-08-12,99302619,121647,0.123
China,2023-08-13,99302619,121671,0.123
China,2023-08-14,99303467,121671,0.123
China,2023-08-15,99303467,121671,0.123
China,2023-08-16,99303467,121671,0.123
China,2023-08-17,99303467,121671,0.123
China,2023-08-18,99303467,121671,0.123
China,2023-08-19,99304082,121671,0.123
China,2023-08-20,99304082,121671,0.123
China,2023-08-21,99304984,121671,0.123
China,2023-08-22,99304984,121671,0.123
China,2023-08-23,99304984,121671,0.123
China,2023-08-24,99304984,121671,0.123
China,2023-08-25,99304984,121671,0.123
China,2023-08-26,99305669,121671,0.123
China,2023-08-27,99305669,121679,0.123
China,2023-08-28,99306613,121679,0.123
China,2023-08-29,99306613,121679,0.123
China,2023-08-30,99306613,121679,0.123
China,2023-08-31,99306613,121679,0.123
China,2023-09-01,99306613,121679,0.123
China,2023-09-02,99307316,121679,0.123
China,2023-09-03,99307316,121679,0.123
China,2023-09-04,99308250,121679,0.123
China,2023-09-05,99308250,121679,0.123
China,2023-09-06,99308250,121679,0.123
China,2023-09-07,99308250,121679,0.123
China,2023-09-08,99308250,121679,0.123
China,2023-09-09,99308843,121679,0.123
China,2023-09-10,99308843,121702,0.123
China,2023-09-11,99309868,121702,0.123
China,2023-09-12,99309868,121702,0.123
China,2023-09-13,99309868,121702,0.123
China,2023-09-14,99309868,121702,0.123
China,2023-09-15,99309868,121702,0.123
China,2023-09-16,99309868,121702,0.123
China,2023-09-17,99309868,121714,0.123
China,2023-09-18,99310257,121714,0.123
China,2023-09-19,99310257,121714,0.123
China,2023-09-20,99310257,121714,0.123
China,2023-09-21,99310257,121714,0.123
China,2023-09-22,99311020,121714,0.123
China,2023-09-23,99311020,121714,0.123
China,2023-09-24,99311020,121722,0.123
China,2023-09-25,99311978,121722,0.123
China,2023-09-26,99311978,121722,0.123
China,2023-09-27,99311978,121722,0.123
China,2023-09-28,99312649,121722,0.123
China,2023-09-29,99313571,121722,0.123
China,2023-09-30,99313571,121722,0.123
China,2023-10-01,99313571,121722,0.123
China,2023-10-02,99313800,121787,0.123
China,2023-10-03,99313800,121787,0.123
China,2023-10-04,99313800,121787,0.123
China,2023-10-05,99314630,121787,0.123
China,2023-10-06,99315126,121787,0.123
China,2023-10-07,99315126,121787,0.123
China,2023-10-08,99315126,121797,0.123
China,2023-10-09,99315390,121797,0.123
China,2023-10-10,99315390,121797,0.123
China,2023-10-11,99315390,121797,0.123
China,2023-10-12,99316111,121797,0.123
China,2023-10-13,99316498,121797,0.123
China,2023-10-14,99316498,121797,0.123
China,2023-10-15,99316498,121809,0.123
China,2023-10-16,99316803,121809,0.123
China,2023-10-17,99316803,121809,0.123
China,2023-10-18,99316803,121809,0.123
China,2023-10-19,99317284,121809,0.123
China,2023-10-20,99317568,121809,0.123
China,2023-10-21,99317568,121809,0.123
China,2023-10-22,99317568,121823,0.123
China,2023-10-23,99317857,121823,0.123
China,2023-10-24,99317857,121823,0.123
China,2023-10-25,99317857,121823,0.123
China,2023-10-26,99318200,121823,0.123
China,2023-10-27,99318373,121823,0.123
China,2023-10-28,99318373,121823,0.123
China,2023-10-29,99318373,121835,0.123
China,2023-10-30,99318598,121835,0.123
China,2023-10-31,99318598,121835,0.123
China,2023-11-01,99318598,121835,0.123
China,2023-11-02,99318863,121859,0.123
China,2023-11-03,99319009,121859,0.123
China,2023-11-04,99319009,121859,0.123
China,2023-11-05,99319009,121867,0.123
China,2023-11-06,99319257,121867,0.123
China,2023-11-07,99319257,121867,0.123
China,2023-11-08,99319257,121867,0.123
China,2023-11-09,99319455,121867,0.123
China,2023-11-10,99319568,121867,0.123
China,2023-11-11,99319568,121867,0.123
China,2023-11-12,99319568,121873,0.123
China,2023-11-13,99319802,121873,0.123
China,2023-11-14,99319802,121873,0.123
China,2023-11-15,99319802,121873,0.123
China,2023-11-16,99319961,121873,0.123
China,2023-11-17,99320035,121873,0.123
China,2023-11-18,99320035,121873,0.123
China,2023-11-19,99320035,121874,0.123
China,2023-11-20,99320253,121874,0.123
China,2023-11-21,99320253,121874,0.123
China,2023-11-22,99320253,121874,0.123
China,2023-11-23,99320378,121874,0.123
China,2023-11-24,99320425,121874,0.123
China,2023-11-25,99320425,121874,0.123
China,2023-11-26,99320425,121877,0.123
China,2023-11-27,99320655,121877,0.123
China,2023-11-28,99320655,121877,0.123
China,2023-11-29,99320655,121877,0.123
China,2023-11-30,99320792,121877,0.123
China,2023-12-01,99320845,121877,0.123
China,2023-12-02,99320845,121885,0.123
China,2023-12-03,99320845,121886,0.123
China,2023-12-04,99321117,121886,0.123
China,2023-12-05,99321117,121886,0.123
China,2023-12-06,99321117,121886,0.123
China,2023-12-07,99321201,121886,0.123
China,2023-12-08,99321242,121886,0.123
China,2023-12-09,99321242,121886,0.123
China,2023-12-10,99321242,121888,0.123
China,2023-12-11,99321473,121888,0.123
China,2023-12-12,99321473,121888,0.123
China,2023-12-13,99321473,121888,0.123
China,2023-12-14,99321578,121888,0.123
China,2023-12-15,99321637,121888,0.123
China,2023-12-16,99321637,121888,0.123
China,2023-12-17,99321637,121888,0.123
China,2023-12-18,99321898,121888,0.123
China,2023-12-19,99321898,121888,0.123
China,2023-12-20,99321898,121888,0.123
China,2023-12-21,99322073,121888,0.123
China,2023-12-22,99322142,121888,0.123
China,2023-12-23,99322142,121888,0.123
China,2023-12-24,99322142,121889,0.123
China,2023-12-25,99322427,121889,0.123
China,2023-12-26,99322427,121889,0.123
China,2023-12-27,99322427,121889,0.123
China,2023-12-28,99322648,121889,0.123
China,2023-12-29,99322727,121889,0.123
China,2023-12-30,99322727,121889,0.123
China,2023-12-31,99322727,121893,0.123
China,2024-01-01,99323131,121904,0.123
China,2024-01-02,99323131,121904,0.123
China,2024-01-03,99323131,121904,0.123
China,2024-01-04,99323566,121904,0.123
China,2024-01-05,99323756,121904,0.123
China,2024-01-06,99323756,121904,0.123
China,2024-01-07,99323756,121938,0.123
China,2024-01-08,99324195,121938,0.123
China,2024-01-09,99324195,121938,0.123
China,2024-01-10,99324195,121938,0.123
China,2024-01-11,99324880,121938,0.123
China,2024-01-12,99325108,121938,0.123
China,2024-01-13,99325108,121908,0.123
China,2024-01-14,99325108,121916,0.123
China,2024-01-15,99325605,121916,0.123
China,2024-01-16,99325605,121916,0.123
China,2024-01-17,99325605,121916,0.123
China,2024-01-18,99326122,121916,0.123
China,2024-01-19,99326423,121916,0.123
China,2024-01-20,99326423,121916,0.123
China,2024-01-21,99326423,121921,0.123
China,2024-01-22,99327045,121921,0.123
China,2024-01-23,99327045,121921,0.123
China,2024-01-24,99327045,121921,0.123
China,2024-01-25,99327500,121921,0.123
China,2024-01-26,99327754,121921,0.123
China,2024-01-27,99327754,121921,0.123
China,2024-01-28,99327754,121933,0.123
China,2024-01-29,99328306,121933,0.123
China,2024-01-30,99328306,121933,0.123
China,2024-01-31,99328306,121933,0.123
China,2024-02-01,99328812,121936,0.123
China,2024-02-02,99329249,121936,0.123
China,2024-02-03,99329249,121936,0.123
China,2024-02-04,99329249,121946,0.123
China,2024-02-05,99329850,121946,0.123
China,2024-02-06,99329850,121946,0.123
China,2024-02-07,99329850,121946,0.123
China,2024-02-08,99330516,121946,0.123
China,2024-02-09,99330516,121946,0.123
China,2024-02-10,99330516,121946,0.123
China,2024-02-11,99330516,121956,0.123
China,2024-02-12,99330985,121956,0.123
China,2024-02-13,99330985,121956,0.123
China,2024-02-14,99330985,121956,0.123
China,2024-02-15,99331724,121956,0.123
China,2024-02-16,99331724,121956,0.123
China,2024-02-17,99331724,121956,0.123
China,2024-02-18,99331724,121976,0.123
China,2024-02-19,99332342,121976,0.123
China,2024-02-20,99332342,121976,0.123
China,2024-02-21,99332342,121976,0.123
China,2024-02-22,99333655,121976,0.123
China,2024-02-23,99334752,121976,0.123
China,2024-02-24,99334752,121976,0.123
China,2024-02-25,99334752,121993,0.123
China,2024-02-26,99335433,121993,0.123
China,2024-02-27,99335433,121993,0.123
China,2024-02-28,99335433,121993,0.123
China,2024-02-29,99336751,121993,0.123
China,2024-03-01,99336751,122019,0.123
China,2024-03-02,99336751,122019,0.123
China,2024-03-03,99336751,122034,0.123
China,2024-03-04,99337284,122034,0.123
China,2024-03-05,99337284,122034,0.123
China,2024-03-06,99337284,122034,0.123
China,2024-03-07,99338589,122034,0.123
China,2024-03-08,99339769,122034,0.123
China,2024-03-09,99339769,122034,0.123
China,2024-03-10,99339769,122050,0.123
China,2024-03-11,99340235,122050,0.123
China,2024-03-12,99340235,122050,0.123
China,2024-03-13,99340235,122050,0.123
China,2024-03-14,99341700,122050,0.123
China,2024-03-15,99343195,122050,0.123
China,2024-03-16,99343195,122050,0.123
China,2024-03-17,99343195,122050,0.123
China,2024-03-18,99343604,122050,0.123
China,2024-03-19,99343604,122050,0.123
China,2024-03-20,99343604,122050,0.123
China,2024-03-21,99344855,122082,0.123
China,2024-03-22,99345680,122082,0.123
China,2024-03-23,99345680,122082,0.123
China,2024-03-24,99345680,122106,0.123
China,2024-03-25,99345981,122106,0.123
China,2024-03-26,99345981,122106,0.123
China,2024-03-27,99345981,122106,0.123
China,2024-03-28,99346932,122106,0.123
China,2024-03-29,99347448,122106,0.123
China,2024-03-30,99347448,122106,0.123
China,2024-03-31,99347448,122125,0.123
China,2024-04-01,99347739,122125,0.123
China,2024-04-02,99347739,122125,0.123
China,2024-04-03,99347739,122125,0.123
China,2024-04-04,99348446,122125,0.123
China,2024-04-05,99348816,122125,0.123
China,2024-04-06,99348816,122125,0.123
China,2024-04-07,99348816,122143,0.123
China,2024-04-08,99349037,122143,0.123
China,2024-04-09,99349037,122143,0.123
China,2024-04-10,99349037,122143,0.123
China,2024-04-11,99349743,122143,0.123
China,2024-04-12,99350327,122143,0.123
China,2024-04-13,99350327,122143,0.123
China,2024-04-14,99350327,122153,0.123
China,2024-04-15,99350519,122153,0.123
China,2024-04-16,99350519,122153,0.123
China,2024-04-17,99350519,122153,0.123
China,2024-04-18,99351344,122153,0.123
China,2024-04-19,99351758,122153,0.123
China,2024-04-20,99351758,122153,0.123
China,2024-04-21,99351758,122170,0.123
China,2024-04-22,99351939,122170,0.123
China,2024-04-23,99351939,122170,0.123
China,2024-04-24,99351939,122170,0.123
China,2024-04-25,99352760,122170,0.123
China,2024-04-26,99353161,122170,0.123
China,2024-04-27,99353161,122170,0.123
China,2024-04-28,99353161,122176,0.123
China,2024-04-29,99353356,122176,0.123
China,2024-04-30,99353356,122176,0.123
China,2024-05-01,99353356,122190,0.123
China,2024-05-02,99354275,122190,0.123
China,2024-05-03,99354727,122190,0.123
China,2024-05-04,99354727,122190,0.123
China,2024-05-05,99354727,122196,0.123
China,2024-05-06,99354942,122196,0.123
China,2024-05-07,99354942,122196,0.123
China,2024-05-08,99354942,122196,0.123
China,2024-05-09,99355853,122196,0.123
China,2024-05-10,99356481,122196,0.123
China,2024-05-11,99356481,122196,0.123
China,2024-05-12,99356481,122201,0.123
China,2024-05-13,99356723,122201,0.123
China,2024-05-14,99356723,122201,0.123
China,2024-05-15,99356723,122201,0.123
China,2024-05-16,99357512,122201,0.123
China,2024-05-17,99357895,122201,0.123
China,2024-05-18,99357895,122201,0.123
China,2024-05-19,99357895,122215,0.123
China,2024-05-20,99358118,122215,0.123
China,2024-05-21,99358118,122215,0.123
China,2024-05-22,99358118,122215,0.123
China,2024-05-23,99358719,122215,0.123
China,2024-05-24,99359003,122215,0.123
China,2024-05-25,99359003,122215,0.123
China,2024-05-26,99359003,122225,0.123
China,2024-05-27,99359249,122225,0.123
China,2024-05-28,99359249,122225,0.123
China,2024-05-29,99359249,122225,0.123
China,2024-05-30,99359574,122225,0.123
China,2024-05-31,99359802,122225,0.123
China,2024-06-01,99359802,122233,0.123
China,2024-06-02,99359802,122243,0.123
China,2024-06-03,99360069,122243,0.123
China,2024-06-04,99360069,122243,0.123
China,2024-06-05,99360069,122243,0.123
China,2024-06-06,99360358,122243,0.123
China,2024-06-07,99360533,122243,0.123
China,2024-06-08,99360533,122243,0.123
China,2024-06-09,99360533,122248,0.123
China,2024-06-10,99360889,122248,0.123
China,2024-06-11,99360889,122248,0.123
China,2024-06-12,99360889,122248,0.123
China,2024-06-13,99361115,122248,0.123
China,2024-06-14,99361338,122248,0.123
China,2024-06-15,99361338,122248,0.123
China,2024-06-16,99361338,122254,0.123
China,2024-06-17,99361826,122254,0.123
China,2024-06-18,99361826,122254,0.123
China,2024-06-19,99361826,122254,0.123
China,2024-06-20,99362067,122254,0.123
China,2024-06-21,99362248,122254,0.123
China,2024-06-22,99362248,122254,0.123
China,2024-06-23,99362248,122257,0.123
China,2024-06-24,99362961,122257,0.123
China,2024-06-25,99362961,122257,0.123
China,2024-06-26,99362961,122257,0.123
China,2024-06-27,99363260,122257,0.123
China,2024-06-28,99363491,122257,0.123
China,2024-06-29,99363491,122257,0.123
China,2024-06-30,99363491,122261,0.123
China,2024-07-01,99364438,122266,0.123
China,2024-07-02,99364438,122266,0.123
China,2024-07-03,99364438,122266,0.123
China,2024-07-04,99364831,122266,0.123
China,2024-07-05,99365162,122266,0.123
China,2024-07-06,99365162,122266,0.123
China,2024-07-07,99365162,122271,0.123
China,2024-07-08,99366140,122271,0.123
China,2024-07-09,99366140,122271,0.123
China,2024-07-10,99366140,122271,0.123
China,2024-07-11,99366694,122271,0.123
China,2024-07-12,99367041,122271,0.123
China,2024-07-13,99367041,122271,0.123
China,2024-07-14,99367041,122273,0.123
China,2024-07-15,99367970,122273,0.123
China,2024-07-16,99367970,122273,0.123
China,2024-07-17,99367970,122273,0.123
China,2024-07-18,99368563,122273,0.123
China,2024-07-19,99369029,122273,0.123
China,2024-07-20,99369029,122273,0.123
China,2024-07-21,99369029,122280,0.123
China,2024-07-22,99369831,122280,0.123
China,2024-07-23,99369831,122280,0.123
China,2024-07-24,99369831,122280,0.123
China,2024-07-25,99370527,122280,0.123
China,2024-07-26,99371132,122280,0.123
China,2024-07-27,99371132,122280,0.123
China,2024-07-28,99371132,122289,0.123
China,2024-07-29,99371784,122289,0.123
China,2024-07-30,99371784,122289,0.123
China,2024-07-31,99371784,122289,0.123
China,2024-08-01,99372558,122291,0.123
China,2024-08-02,99373219,122291,0.123
China,2024-08-03,99373219,122291,0.123
China,2024-08-04,99373219,122304,0.123
China,2024-08-05,99373718,122304,0.123
China,2024-08-06,99373718,122304,0.123
China,2024-08-07,99373718,122304,0.123
China,2024-08-08,99374495,122304,0.123
China,2024-08-09,99375079,122304,0.123
China,2024-08-10,99375079,122304,0.123
China,2024-08-11,99375447,122309,0.123
China,2024-08-12,99375447,122309,0.123
China,2024-08-13,99375447,122309,0.123
China,2024-08-14,99375447,122309,0.123
China,2024-08-15,99376008,122309,0.123
China,2024-08-16,99376519,122309,0.123
China,2024-08-17,99376519,122309,0.123
China,2024-08-18,99376823,122319,0.123
China,2024-08-19,99376823,122319,0.123
China,2024-08-20,99376823,122319,0.123
China,2024-08-21,99376823,122319,0.123
China,2024-08-22,99377266,122319,0.123
China,2024-08-23,99377733,122319,0.123
China,2024-08-24,99377733,122319,0.123
China,2024-08-25,99377976,122323,0.123
China,2024-08-26,99377976,122323,0.123
China,2024-08-27,99377976,122323,0.123
China,2024-08-28,99377976,122323,0.123
China,2024-08-29,99378367,122323,0.123
China,2024-08-30,99378367,122323,0.123
China,2024-08-31,99378822,122323,0.123
China,2024-09-01,99379039,122344,0.123
China,2024-09-02,99379039,122344,0.123
China,2024-09-03,99379039,122344,0.123
China,2024-09-04,99379039,122344,0.123
China,2024-09-05,99379340,122344,0.123
China,2024-09-06,99379340,122344,0.123
China,2024-09-07,99379702,122344,0.123
China,2024-09-08,99379706,122351,0.123
China,2024-09-09,99379706,122351,0.123
China,2024-09-10,99379706,122351,0.123
China,2024-09-11,99379706,122351,0.123
China,2024-09-12,99379936,122351,0.123
China,2024-09-13,99380194,122351,0.123
China,2024-09-14,99380194,122351,0.123
China,2024-09-15,99380194,122352,0.123
China,2024-09-16,99380194,122352,0.123
China,2024-09-17,99380194,122352,0.123
China,2024-09-18,99380194,122352,0.123
China,2024-09-19,99380363,122352,0.123
China,2024-09-20,99380363,122352,0.123
China,2024-09-21,99380363,122352,0.123
China,2024-09-22,99380363,122358,0.123
China,2024-09-23,99380363,122358,0.123
China,2024-09-24,99380363,122358,0.123
China,2024-09-25,99380363,122358,0.123
China,2024-09-26,99380507,122358,0.123
China,2024-09-27,99380642,122358,0.123
China,2024-09-28,99380642,122358,0.123
China,2024-09-29,99380642,122360,0.123
China,2024-09-30,99380642,122360,0.123
China,2024-10-01,99380642,122366,0.123
China,2024-10-02,99380642,122366,0.123
China,2024-10-03,99380748,122366,0.123
China,2024-10-04,99380834,122366,0.123
China,2024-10-05,99380834,122366,0.123
China,2024-10-06,99380834,122367,0.123
China,2024-10-07,99380834,122367,0.123
China,2024-10-08,99380834,122367,0.123
China,2024-10-09,99380834,122367,0.123
China,2024-10-10,99380900,122367,0.123
China,2024-10-11,99380900,122367,0.123
China,2024-10-12,99380900,122367,0.123
China,2024-10-13,99380901,122367,0.123
China,2024-10-14,99380901,122367,0.123
China,2024-10-15,99380901,122367,0.123
China,2024-10-16,99380901,122367,0.123
China,2024-10-17,99380952,122367,0.123
China,2024-10-18,99381000,122367,0.123
China,2024-10-19,99381000,122367,0.123
China,2024-10-20,99381002,122367,0.123
China,2024-10-21,99381002,122367,0.123
China,2024-10-22,99381002,122367,0.123
China,2024-10-23,99381036,122367,0.123
China,2024-10-24,99381036,122367,0.123
China,2024-10-25,99381078,122367,0.123
China,2024-10-26,99381078,122367,0.123
China,2024-10-27,99381078,122367,0.123
China,2024-10-28,99381078,122367,0.123
China,2024-10-29,99381078,122367,0.123
China,2024-10-30,99381078,122367,0.123
China,2024-10-31,99381078,122367,0.123
China,2024-11-01,99381151,122373,0.123
China,2024-11-02,99381151,122373,0.123
China,2024-11-03,99381151,122374,0.123
China,2024-11-04,99381151,122374,0.123
China,2024-11-05,99381151,122374,0.123
China,2024-11-06,99381151,122374,0.123
China,2024-11-07,99381172,122374,0.123
China,2024-11-08,99381189,122374,0.123
China,2024-11-09,99381189,122374,0.123
China,2024-11-10,99381189,122375,0.123
China,2024-11-11,99381189,122375,0.123
China,2024-11-12,99381189,122375,0.123
China,2024-11-13,99381189,122375,0.123
China,2024-11-14,99381216,122375,0.123
China,2024-11-15,99381233,122375,0.123
China,2024-11-16,99381233,122375,0.123
China,2024-11-17,99381233,122377,0.123
China,2024-11-18,99381233,122377,0.123
China,2024-11-19,99381233,122377,0.123
China,2024-11-20,99381233,122377,0.123
China,2024-11-21,99381255,122377,0.123
China,2024-11-22,99381255,122377,0.123
China,2024-11-23,99381255,122377,0.123
China,2024-11-24,99381255,122377,0.123
China,2024-11-25,99381255,122377,0.123
China,2024-11-26,99381255,122377,0.123
China,2024-11-27,99381255,122377,0.123
China,2024-11-28,99381285,122377,0.123
China,2024-11-29,99381302,122377,0.123
China,2024-11-30,99381302,122377,0.123
China,2024-12-01,99381302,122388,0.123
China,2024-12-02,99381302,122388,0.123
China,2024-12-03,99381302,122388,0.123
China,2024-12-04,99381330,122388,0.123
China,2024-12-05,99381330,122388,0.123
China,2024-12-06,99381370,122388,0.123
China,2024-12-07,99381370,122388,0.123
China,2024-12-08,99381370,122388,0.123
China,2024-12-09,99381370,122388,0.123
China,2024-12-10,99381370,122388,0.123
China,2024-12-11,99381370,122388,0.123
China,2024-12-12,99381404,122388,0.123
China,2024-12-13,99381428,122388,0.123
China,2024-12-14,99381428,122388,0.123
China,2024-12-15,99381428,122389,0.123
China,2024-12-16,99381428,122389,0.123
China,2024-12-17,99381428,122389,0.123
China,2024-12-18,99381470,122389,0.123
China,2024-12-19,99381470,122389,0.123
China,2024-12-20,99381523,122389,0.123
China,2024-12-21,99381523,122389,0.123
China,2024-12-22,99381523,122389,0.123
China,2024-12-23,99381523,122389,0.123
China,2024-12-24,99381523,122389,0.123
China,2024-12-25,99381555,122389,0.123
China,2024-12-26,99381555,122389,0.123
China,2024-12-27,99381579,122389,0.123
China,2024-12-28,99381579,122389,0.123
China,2024-12-29,99381579,122391,0.123
China,2024-12-30,99381579,122391,0.123
China,2024-12-31,99381579,122391,0.123
China,2025-01-01,99381579,122398,0.123
China,2025-01-02,99381641,122398,0.123
China,2025-01-03,99381672,122398,0.123
China,2025-01-04,99381672,122398,0.123
China,2025-01-05,99381672,122398,0.123
China,2025-01-06,99381672,122398,0.123
China,2025-01-07,99381672,122398,0.123
China,2025-01-08,99381672,122398,0.123
China,2025-01-09,99381724,122398,0.123
China,2025-01-10,99381761,122398,0.123
China,2025-01-11,99381761,122398,0.123
China,2025-01-12,99381761,122398,0.123
China,2025-01-13,99381761,122398,0.123
China,2025-01-14,99381761,122398,0.123
China,2025-01-15,99381761,122398,0.123
China,2025-01-16,99381761,122398,0.123
China,2025-01-17,99381761,122398,0.123
China,2025-01-18,99381761,122398,0.123
China,2025-01-19,99381761,122398,0.123
China,2025-01-20,99381761,122398,0.123
China,2025-01-21,99381761,122398,0.123
China,2025-01-22,99381761,122398,0.123
China,2025-01-23,99381761,122398,0.123
China,2025-01-24,99381761,122398,0.123
China,2025-01-25,99381761,122398,0.123
China,2025-01-26,99381761,122398,0.123
China,2025-01-27,99381761,122398,0.123
China,2025-01-28,99381761,122398,0.123
China,2025-01-29,99381761,122398,0.123
China,2025-01-30,99381761,122398,0.123
China,2025-01-31,99381761,122398,0.123
China,2025-02-01,99381761,122398,0.123
China,2025-02-02,99381761,122398,0.123
China,2025-02-03,99381761,122398,0.123
China,2025-02-04,99381761,122398,0.123
China,2025-02-05,99381761,122398,0.123
China,2025-02-06,99381761,122398,0.123
China,2025-02-07,99381761,122398,0.123
China,2025-02-08,99381761,122398,0.123
China,2025-02-09,99381761,122398,0.123
China,2025-02-10,99381761,122398,0.123
China,2025-02-11,99381761,122398,0.123
China,2025-02-12,99381761,122398,0.123
China,2025-02-13,99381761,122398,0.123
China,2025-02-14,99381761,122398,0.123
China,2025-02-15,99381761,122398,0.123
China,2025-02-16,99381761,122398,0.123
China,2025-02-17,99381761,122398,0.123
China,2025-02-18,99381761,122398,0.123
China,2025-02-19,99381761,122398,0.123
China,2025-02-20,99381761,122398,0.123
China,2025-02-21,99381761,122398,0.123
China,2025-02-22,99381761,122398,0.123
China,2025-02-23,99381761,122398,0.123
China,2025-02-24,99381761,122398,0.123
China,2025-02-25,99381761,122398,0.123
China,2025-02-26,99381761,122398,0.123
China,2025-02-27,99381761,122398,0.123
China,2025-02-28,99381761,122398,0.123
China,2025-03-01,99381761,122398,0.123
China,2025-03-02,99381761,122398,0.123
China,2025-03-03,99381761,122398,0.123
China,2025-03-04,99381761,122398,0.123
China,2025-03-05,99381761,122398,0.123
China,2025-03-06,99381761,122398,0.123
China,2025-03-07,99381761,122398,0.123
China,2025-03-08,99381761,122398,0.123
China,2025-03-09,99381761,122398,0.123
China,2025-03-10,99381761,122398,0.123
China,2025-03-11,99381761,122398,0.123
China,2025-03-12,99381761,122398,0.123
China,2025-03-13,99381761,122398,0.123
China,2025-03-14,99381761,122398,0.123
China,2025-03-15,99381761,122398,0.123
China,2025-03-16,99381761,122398,0.123
China,2025-03-17,99381761,122398,0.123
China,2025-03-18,99381761,122398,0.123
China,2025-03-19,99381761,122398,0.123
China,2025-03-20,99381761,122398,0.123
China,2025-03-21,99381761,122398,0.123
China,2025-03-22,99381761,122398,0.123
China,2025-03-23,99381761,122398,0.123
China,2025-03-24,99381761,122398,0.123
China,2025-03-25,99381761,122398,0.123
China,2025-03-26,99381761,122398,0.123
China,2025-03-27,99381761,122398,0.123
China,2025-03-28,99381761,122398,0.123
China,2025-03-29,99381761,122398,0.123
China,2025-03-30,99381761,122398,0.123
China,2025-03-31,99381761,122398,0.123
China,2025-04-01,99381761,122398,0.123
China,2025-04-02,99381761,122398,0.123
China,2025-04-03,99381761,122398,0.123
China,2025-04-04,99381761,122398,0.123
China,2025-04-05,99381761,122398,0.123
China,2025-04-06,99381761,122398,0.123
China,2025-04-07,99381761,122398,0.123
China,2025-04-08,99381761,122398,0.123
China,2025-04-09,99381761,122398,0.123
China,2025-04-10,99381761,122398,0.123
China,2025-04-11,99381761,122398,0.123
China,2025-04-12,99381761,122398,0.123
China,2025-04-13,99381761,122398,0.123
China,2025-04-14,99381761,122398,0.123
China,2025-04-15,99381761,122398,0.123
China,2025-04-16,99381761,122398,0.123
China,2025-04-17,99381761,122398,0.123
China,2025-04-18,99381761,122398,0.123
China,2025-04-19,99381761,122398,0.123
China,2025-04-20,99381761,122398,0.123
China,2025-04-21,99381761,122398,0.123
China,2025-04-22,99381761,122398,0.123
China,2025-04-23,99381761,122398,0.123
China,2025-04-24,99381761,122398,0.123
China,2025-04-25,99381761,122398,0.123
China,2025-04-26,99381761,122398,0.123
China,2025-04-27,99381761,122398,0.123
China,2025-04-28,99381761,122398,0.123
China,2025-04-29,99381761,122398,0.123
China,2025-04-30,99381761,122398,0.123
China,2025-05-01,99381761,122398,0.123
China,2025-05-02,99381761,122398,0.123
China,2025-05-03,99381761,122398,0.123
China,2025-05-04,99381761,122398,0.123
China,2025-05-05,99381761,122398,0.123
China,2025-05-06,99381761,122398,0.123
China,2025-05-07,99381761,122398,0.123
China,2025-05-08,99381761,122398,0.123
China,2025-05-09,99381761,122398,0.123
China,2025-05-10,99381761,122398,0.123
China,2025-05-11,99381761,122398,0.123
China,2025-05-12,99381761,122398,0.123
China,2025-05-13,99381761,122398,0.123
China,2025-05-14,99381761,122398,0.123
China,2025-05-15,99381761,122398,0.123
China,2025-05-16,99381761,122398,0.123
China,2025-05-17,99381761,122398,0.123
China,2025-05-18,99381761,122398,0.123
China,2025-05-19,99381761,122398,0.123
China,2025-05-20,99381761,122398,0.123
China,2025-05-21,99381761,122398,0.123
China,2025-05-22,99381761,122398,0.123
China,2025-05-23,99381761,122398,0.123
China,2025-05-24,99381761,122398,0.123
China,2025-05-25,99381761,122398,0.123
China,2025-05-26,99381761,122398,0.123
China,2025-05-27,99381761,122398,0.123
China,2025-05-28,99381761,122398,0.123
China,2025-05-29,99381761,122398,0.123
China,2025-05-30,99381761,122398,0.123
China,2025-05-31,99381761,122398,0.123
China,2025-06-01,99381761,122398,0.123
China,2025-06-02,99381761,122398,0.123
China,2025-06-03,99381761,122398,0.123
China,2025-06-04,99381761,122398,0.123
China,2025-06-05,99381761,122398,0.123
China,2025-06-06,99381761,122398,0.123
China,2025-06-07,99381761,122398,0.123
China,2025-06-08,99381761,122398,0.123
China,2025-06-09,99381761,122398,0.123
China,2025-06-10,99381761,122398,0.123
China,2025-06-11,99381761,122398,0.123
China,2025-06-12,99381761,122398,0.123
China,2025-06-13,99381761,122398,0.123
China,2025-06-14,99381761,122398,0.123
China,2025-06-15,99381761,122398,0.123
China,2025-06-16,99381761,122398,0.123
China,2025-06-17,99381761,122398,0.123
China,2025-06-18,99381761,122398,0.123
China,2025-06-19,99381761,122398,0.123
China,2025-06-20,99381761,122398,0.123
China,2025-06-21,99381761,122398,0.123
China,2025-06-22,99381761,122398,0.123
China,2025-06-23,99381761,122398,0.123
China,2025-06-24,99381761,122398,0.123
China,2025-06-25,99381761,122398,0.123
China,2025-06-26,99381761,122398,0.123
China,2025-06-27,99381761,122398,0.123
China,2025-06-28,99381761,122398,0.123
China,2025-06-29,99381761,122398,0.123
China,2025-06-30,99381761,122398,0.123
China,2025-07-01,99381761,122398,0.123
China,2025-07-02,99381761,122398,0.123
China,2025-07-03,99381761,122398,0.123
China,2025-07-04,99381761,122398,0.123
China,2025-07-05,99381761,122398,0.123
China,2025-07-06,99381761,122398,0.123
China,2025-07-07,99381761,122398,0.123
China,2025-07-08,99381761,122398,0.123
China,2025-07-09,99381761,122398,0.123
China,2025-07-10,99381761,122398,0.123
China,2025-07-11,99381761,122398,0.123
China,2025-07-12,99381761,122398,0.123
China,2025-07-13,99381761,122398,0.123
China,2025-07-14,99381761,122398,0.123
China,2025-07-15,99381761,122398,0.123
China,2025-07-16,99381761,122398,0.123
China,2025-07-17,99381761,122398,0.123
China,2025-07-18,99381761,122398,0.123
China,2025-07-19,99381761,122398,0.123
China,2025-07-20,99381761,122398,0.123
China,2025-07-21,99381761,122398,0.123
China,2025-07-22,99381761,122398,0.123
China,2025-07-23,99381761,122398,0.123
China,2025-07-24,99381761,122398,0.123
China,2025-07-25,99381761,122398,0.123
China,2025-07-26,99381761,122398,0.123
China,2025-07-27,99381761,122398,0.123
China,2025-07-28,99381761,122398,0.123
China,2025-07-29,99381761,122398,0.123
China,2025-07-30,99381761,122398,0.123
China,2025-07-31,99381761,122398,0.123
China,2025-08-01,99381761,122398,0.123
China,2025-08-02,99381761,122398,0.123
China,2025-08-03,99381761,122398,0.123
China,2025-08-04,99381761,122398,0.123
China,2025-08-05,99381761,122398,0.123
China,2025-08-06,99381761,122398,0.123
China,2025-08-07,99381761,122398,0.123
China,2025-08-08,99381761,122398,0.123
China,2025-08-09,99381761,122398,0.123
China,2025-08-10,99381761,122398,0.123
China,2025-08-11,99381761,122398,0.123
China,2025-08-12,99381761,122398,0.123
China,2025-08-13,99381761,122398,0.123
China,2025-08-14,99381761,122398,0.123
China,2025-08-15,99381761,122398,0.123
China,2025-08-16,99381761,122398,0.123
China,2025-08-17,99381761,122398,0.123
China,2025-08-18,99381761,122398,0.123
China,2025-08-19,99381761,122398,0.123
China,2025-08-20,99381761,122398,0.123
China,2025-08-21,99381761,122398,0.123
China,2025-08-22,99381761,122398,0.123
China,2025-08-23,99381761,122398,0.123
China,2025-08-24,99381761,122398,0.123
China,2025-08-25,99381761,122398,0.123
China,2025-08-26,99381761,122398,0.123
China,2025-08-27,99381761,122398,0.123
China,2025-08-28,99381761,122398,0.123
China,2025-08-29,99381761,122398,0.123
China,2025-08-30,99381761,122398,0.123
China,2025-08-31,99381761,122398,0.123
China,2025-09-01,99381761,122398,0.123
China,2025-09-02,99381761,122398,0.123
China,2025-09-03,99381761,122398,0.123
China,2025-09-04,99381761,122398,0.123
China,2025-09-05,99381761,122398,0.123
China,2025-09-06,99381761,122398,0.123
China,2025-09-07,99381761,122398,0.123
China,2025-09-08,99381761,122398,0.123
China,2025-09-09,99381761,122398,0.123
China,2025-09-10,99381761,122398,0.123
China,2025-09-11,99381761,122398,0.123
China,2025-09-12,99381761,122398,0.123
China,2025-09-13,99381761,122398,0.123
China,2025-09-14,99381761,122398,0.123
China,2025-09-15,99381761,122398,0.123
China,2025-09-16,99381761,122398,0.123
China,2025-09-17,99381761,122398,0.123
China,2025-09-18,99381761,122398,0.123
China,2025-09-19,99381761,122398,0.123
China,2025-09-20,99381761,122398,0.123
China,2025-09-21,99381761,122398,0.123
China,2025-09-22,99381761,122398,0.123
China,2025-09-23,99381761,122398,0.123
China,2025-09-24,99381761,122398,0.123
China,2025-09-25,99381761,122398,0.123
China,2025-09-26,99381761,122398,0.123
China,2025-09-27,99381761,122398,0.123
China,2025-09-28,99381761,122398,0.123
China,2025-09-29,99381761,122398,0.123
China,2025-09-30,99381761,122398,0.123
China,2025-10-01,99381761,122398,0.123
China,2025-10-02,99381761,122398,0.123
China,2025-10-03,99381761,122398,0.123
China,2025-10-04,99381761,122398,0.123
China,2025-10-05,99381761,122398,0.123
China,2025-10-06,99381761,122398,0.123
China,2025-10-07,99381761,122398,0.123
China,2025-10-08,99381761,122398,0.123
China,2025-10-09,99381761,122398,0.123
China,2025-10-10,99381761,122398,0.123
China,2025-10-11,99381761,122398,0.123
China,2025-10-12,99381761,122398,0.123
China,2025-10-13,99381761,122398,0.123
China,2025-10-14,99381761,122398,0.123
China,2025-10-15,99381761,122398,0.123
China,2025-10-16,99381761,122398,0.123
China,2025-10-17,99381761,122398,0.123
China,2025-10-18,99381761,122398,0.123
China,2025-10-19,99381761,122398,0.123
China,2025-10-20,99381761,122398,0.123
China,2025-10-21,99381761,122398,0.123
China,2025-10-22,99381761,122398,0.123
China,2025-10-23,99381761,122398,0.123
China,2025-10-24,99381761,122398,0.123
China,2025-10-25,99381761,122398,0.123
China,2025-10-26,99381761,122398,0.123
China,2025-10-27,99381761,122398,0.123
China,2025-10-28,99381761,122398,0.123
China,2025-10-29,99381761,122398,0.123
China,2025-10-30,99381761,122398,0.123
China,2025-10-31,99381761,122398,0.123
China,2025-11-01,99381761,122398,0.123
China,2025-11-02,99381761,122398,0.123
China,2025-11-03,99381761,122398,0.123
China,2025-11-04,99381761,122398,0.123
China,2025-11-05,99381761,122398,0.123
China,2025-11-06,99381761,122398,0.123
China,2025-11-07,99381761,122398,0.123
China,2025-11-08,99381761,122398,0.123
China,2025-11-09,99381761,122398,0.123
China,2025-11-10,99381761,122398,0.123
China,2025-11-11,99381761,122398,0.123
China,2025-11-12,99381761,122398,0.123
China,2025-11-13,99381761,122398,0.123
China,2025-11-14,99381761,122398,0.123
China,2025-11-15,99381761,122398,0.123
China,2025-11-16,99381761,122398,0.123
China,2025-11-17,99381761,122398,0.123
China,2025-11-18,99381761,122398,0.123
China,2025-11-19,99381761,122398,0.123
China,2025-11-20,99381761,122398,0.123
China,2025-11-21,99381761,122398,0.123
China,2025-11-22,99381761,122398,0.123
China,2025-11-23,99381761,122398,0.123
China,2025-11-24,99381761,122398,0.123
China,2025-11-25,99381761,122398,0.123
China,2025-11-26,99381761,122398,0.123
China,2025-11-27,99381761,122398,0.123
China,2025-11-28,99381761,122398,0.123
China,2025-11-29,99381761,122398,0.123
China,2025-11-30,99381761,122398,0.123
China,2025-12-01,99381761,122398,0.123
China,2025-12-02,99381761,122398,0.123
China,2025-12-03,99381761,122398,0.123
China,2025-12-04,99381761,122398,0.123
China,2025-12-05,99381761,122398,0.123
China,2025-12-06,99381761,122398,0.123
China,2025-12-07,99381761,122398,0.123
China,2025-12-08,99381761,122398,0.123
China,2025-12-09,99381761,122398,0.123
China,2025-12-10,99381761,122398,0.123
China,2025-12-11,99381761,122398,0.123
China,2025-12-12,99381761,122398,0.123
China,2025-12-13,99381761,122398,0.123
China,2025-12-14,99381761,122398,0.123
China,2025-12-15,99381761,122398,0.123
China,2025-12-16,99381761,122398,0.123
China,2025-12-17,99381761,122398,0.123
China,2025-12-18,99381761,122398,0.123
China,2025-12-19,99381761,122398,0.123
China,2025-12-20,99381761,122398,0.123
China,2025-12-21,99381761,122398,0.123
China,2025-12-22,99381761,122398,0.123
China,2025-12-23,99381761,122398,0.123
China,2025-12-24,99381761,122398,0.123
China,2025-12-25,99381761,122398,0.123
China,2025-12-26,99381761,122398,0.123
China,2025-12-27,99381761,122398,0.123
China,2025-12-28,99381761,122398,0.123
China,2025-12-29,99381761,122398,0.123
China,2025-12-30,99381761,122398,0.123
China,2025-12-31,99381761,122398,0.123
China,2026-01-01,99381761,122398,0.123
China,2026-01-02,99381761,122398,0.123
China,2026-01-03,99381761,122398,0.123
China,2026-01-04,99381761,122398,0.123
China,2026-01-05,99381761,122398,0.123
China,2026-01-06,99381761,122398,0.123
China,2026-01-07,99381761,122398,0.123
China,2026-01-08,99381761,122398,0.123
China,2026-01-09,99381761,122398,0.123
China,2026-01-10,99381761,122398,0.123
China,2026-01-11,99381761,122398,0.123
China,2026-01-12,99381761,122398,0.123
China,2026-01-13,99381761,122398,0.123
China,2026-01-14,99381761,122398,0.123
China,2026-01-15,99381761,122398,0.123
China,2026-01-16,99381761,122398,0.123
China,2026-01-17,99381761,122398,0.123
China,2026-01-18,99381761,122398,0.123
China,2026-01-19,99381761,122398,0.123
China,2026-01-20,99381761,122398,0.123
China,2026-01-21,99381761,122398,0.123
China,2026-01-22,99381761,122398,0.123
China,2026-01-23,99381761,122398,0.123
China,2026-01-24,99381761,122398,0.123
China,2026-01-25,99381761,122398,0.123
China,2026-01-26,99381761,122398,0.123
China,2026-01-27,99381761,122398,0.123
China,2026-01-28,99381761,122398,0.123
China,2026-01-29,99381761,122398,0.123
China,2026-01-30,99381761,122398,0.123
China,2026-01-31,99381761,122398,0.123
China,2026-02-01,99381761,122398,0.123
China,2026-02-02,99381761,122398,0.123
China,2026-02-03,99381761,122398,0.123
China,2026-02-04,99381761,122398,0.123
China,2026-02-05,99381761,122398,0.123
China,2026-02-06,99381761,122398,0.123
China,2026-02-07,99381761,122398,0.123
China,2026-02-08,99381761,122398,0.123
China,2026-02-09,99381761,122398,0.123
China,2026-02-10,99381761,122398,0.123
China,2026-02-11,99381761,122398,0.123
China,2026-02-12,99381761,122398,0.123
China,2026-02-13,99381761,122398,0.123
China,2026-02-14,99381761,122398,0.123
China,2026-02-15,99381761,122398,0.123
China,2026-02-16,99381761,122398,0.123
China,2026-02-17,99381761,122398,0.123
China,2026-02-18,99381761,122398,0.123
China,2026-02-19,99381761,122398,0.123
China,2026-02-20,99381761,122398,0.123
China,2026-02-21,99381761,122398,0.123
China,2026-02-22,99381761,122398,0.123
China,2026-02-23,99381761,122398,0.123
China,2026-02-24,99381761,122398,0.123
China,2026-02-25,99381761,122398,0.123
China,2026-02-26,99381761,122398,0.123
China,2026-02-27,99381761,122398,0.123
China,2026-02-28,99381761,122398,0.123
China,2026-03-01,99381761,122398,0.123
China,2026-03-02,99381761,122398,0.123
China,2026-03-03,99381761,122398,0.123
China,2026-03-04,99381761,122398,0.123
China,2026-03-05,99381761,122398,0.123
China,2026-03-06,99381761,122398,0.123
China,2026-03-07,99381761,122398,0.123
China,2026-03-08,99381761,122398,0.123
China,2026-03-09,99381761,122398,0.123
China,2026-03-10,99381761,122398,0.123
China,2026-03-11,99381761,122398,0.123
China,2026-03-12,99381761,122398,0.123
China,2026-03-13,99381761,122398,0.123
China,2026-03-14,99381761,122398,0.123
China,2026-03-15,99381761,122398,0.123
China,2026-03-16,99381761,122398,0.123
China,2026-03-17,99381761,122398,0.123
China,2026-03-18,99381761,122398,0.123
China,2026-03-19,99381761,122398,0.123
China,2026-03-20,99381761,122398,0.123
China,2026-03-21,99381761,122398,0.123
China,2026-03-22,99381761,122398,0.123
China,2026-03-23,99381761,122398,0.123
China,2026-03-24,99381761,122398,0.123
China,2026-03-25,99381761,122398,0.123
China,2026-03-26,99381761,122398,0.123
China,2026-03-27,99381761,122398,0.123
China,2026-03-28,99381761,122398,0.123
China,2026-03-29,99381761,122398,0.123
China,2026-03-30,99381761,122398,0.123
China,2026-03-31,99381761,122398,0.123
China,2026-04-01,99381761,122398,0.123
China,2026-04-02,99381761,122398,0.123
China,2026-04-03,99381761,122398,0.123
China,2026-04-04,99381761,122398,0.123
China,2026-04-05,99381761,122398,0.123
China,2026-04-06,99381761,122398,0.123
China,2026-04-07,99381761,122398,0.123
China,2026-04-08,99381761,122398,0.123
China,2026-04-09,99381761,122398,0.123
China,2026-04-10,99381761,122398,0.123
China,2026-04-11,99381761,122398,0.123
China,2026-04-12,99381761,122398,0.123
China,2026-04-13,99381761,122398,0.123
China,2026-04-14,99381761,122398,0.123
China,2026-04-15,99381761,122398,0.123
China,2026-04-16,99381761,122398,0.123
China,2026-04-17,99381761,122398,0.123
China,2026-04-18,99381761,122398,0.123
China,2026-04-19,99381761,122398,0.123
China,2026-04-20,99381761,122398,0.123
China,2026-04-21,99381761,122398,0.123
China,2026-04-22,99381761,122398,0.123
China,2026-04-23,99381761,122398,0.123
China,2026-04-24,99381761,122398,0.123
China,2026-04-25,99381761,122398,0.123
China,2026-04-26,99381761,122398,0.123
China,2026-04-27,99381761,122398,0.123
China,2026-04-28,99381761,122398,0.123
China,2026-04-29,99381761,122398,0.123
China,2026-04-30,99381761,122398,0.123
China,2026-05-01,99381761,122398,0.123
China,2026-05-02,99381761,122398,0.123
China,2026-05-03,99381761,122398,0.123
China,2026-05-04,99381761,122398,0.123
China,2026-05-05,99381761,122398,0.123
China,2026-05-06,99381761,122398,0.123
China,2026-05-07,99381761,122398,0.123
China,2026-05-08,99381761,122398,0.123
China,2026-05-09,99381761,122398,0.123
China,2026-05-10,99381761,122398,0.123
China,2026-05-11,99381761,122398,0.123
China,2026-05-12,99381761,122398,0.123
China,2026-05-13,99381761,122398,0.123
China,2026-05-14,99381761,122398,0.123
China,2026-05-15,99381761,122398,0.123
China,2026-05-16,99381761,122398,0.123
China,2026-05-17,99381761,122398,0.123
China,2026-05-18,99381761,122398,0.123
China,2026-05-19,99381761,122398,0.123
China,2026-05-20,99381761,122398,0.123
China,2026-05-21,99381761,122398,0.123
China,2026-05-22,99381761,122398,0.123
China,2026-05-23,99381761,122398,0.123
China,2026-05-24,99381761,122398,0.123
China,2026-05-25,99381761,122398,0.123
China,2026-05-26,99381761,122398,0.123
China,2026-05-27,99381761,122398,0.123
China,2026-05-28,99381761,122398,0.123
China,2026-05-29,99381761,122398,0.123
China,2026-05-30,99381761,122398,0.123
China,2026-05-31,99381761,122398,0.123
China,2026-06-01,99381761,122398,0.123
China,2026-06-02,99381761,122398,0.123
China,2026-06-03,99381761,122398,0.123
China,2026-06-04,99381761,122398,0.123
China,2026-06-05,99381761,122398,0.123
China,2026-06-06,99381761,122398,0.123
China,2026-06-07,99381761,122398,0.123
China,2026-06-08,99381761,122398,0.123
China,2026-06-09,99381761,122398,0.123
China,2026-06-10,99381761,122398,0.123
China,2026-06-11,99381761,122398,0.123
China,2026-06-12,99381761,122398,0.123
China,2026-06-13,99381761,122398,0.123
China,2026-06-14,99381761,122398,0.123
China,2026-06-15,99381761,122398,0.123
China,2026-06-16,99381761,122398,0.123
China,2026-06-17,99381761,122398,0.123
China,2026-06-18,99381761,122398,0.123
China,2026-06-19,99381761,122398,0.123
China,2026-06-20,99381761,122398,0.123
China,2026-06-21,99381761,122398,0.123
China,2026-06-22,99381761,122398,0.123
China,2026-06-23,99381761,122398,0.123
China,2026-06-24,99381761,122398,0.123
China,2026-06-25,99381761,122398,0.123
China,2026-06-26,99381761,122398,0.123
China,2026-06-27,99381761,122398,0.123
China,2026-06-28,99381761,122398,0.123
China,2026-06-29,99381761,122398,0.123
China,2026-06-30,99381761,122398,0.123
China,2026-07-01,99381761,122398,0.123
China,2026-07-02,99381761,122398,0.123
China,2026-07-03,99381761,122398,0.123
China,2026-07-04,99381761,122398,0.123
China,2026-07-05,99381761,122398,0.123
China,2026-07-06,99381761,122398,0.123
China,2026-07-07,99381761,122398,0.123
China,2026-07-08,99381761,122398,0.123
China,2026-07-09,99381761,122398,0.123
China,2026-07-10,99381761,122398,0.123
China,2026-07-11,99381761,122398,0.123
China,2026-07-12,99381761,122398,0.123
China,2026-07-13,99381761,122398,0.123
China,2026-07-14,99381761,122398,0.123
China,2026-07-15,99381761,122398,0.123
China,2026-07-16,99381761,122398,0.123
China,2026-07-17,99381761,122398,0.123
China,2026-07-18,99381761,122398,0.123
China,2026-07-19,99381761,122398,0.123
